{"type":"FeatureCollection","features":[{"type":"Feature","geometry":{"type":"Point","coordinates":[90.64195581251549,25.316136409053215]},"id":"00000000000000000000","properties":{"class":1,"geom_type":"Point"}},{"type":"Feature","geometry":{"type":"Point","coordinates":[90.64071126753258,25.315748469961136]},"id":"00000000000000000001","properties":{"class":1,"geom_type":"Point"}},{"type":"Feature","geometry":{"type":"Point","coordinates":[90.64195581251549,25.315379926672772]},"id":"00000000000000000002","properties":{"class":1,"geom_type":"Point"}},{"type":"Feature","geometry":{"type":"Point","coordinates":[90.64101167494225,25.315476911857367]},"id":"00000000000000000003","properties":{"class":1,"geom_type":"Point"}},{"type":"Feature","geometry":{"type":"Point","coordinates":[90.63763085285565,25.306480083897412]},"id":"00000000000000000004","properties":{"class":1,"geom_type":"Point"}},{"type":"Feature","geometry":{"type":"Point","coordinates":[90.63677254597089,25.30640248999389]},"id":"00000000000000000005","properties":{"class":1,"geom_type":"Point"}},{"type":"Feature","geometry":{"type":"Point","coordinates":[90.63687983433148,25.306887451075664]},"id":"00000000000000000006","properties":{"class":1,"geom_type":"Point"}},{"type":"Feature","geometry":{"type":"Point","coordinates":[90.4262589330015,25.700547434622237]},"id":"00000000000000000007","properties":{"class":1,"geom_type":"Point"}},{"type":"Feature","geometry":{"type":"Point","coordinates":[90.42791117375468,25.700629608030958]},"id":"00000000000000000008","properties":{"class":1,"geom_type":"Point"}},{"type":"Feature","geometry":{"type":"Point","coordinates":[90.42844761555766,25.700131732979532]},"id":"00000000000000000009","properties":{"class":1,"geom_type":"Point"}},{"type":"Feature","geometry":{"type":"Point","coordinates":[90.42729963009928,25.699948050395943]},"id":"0000000000000000000a","properties":{"class":1,"geom_type":"Point"}},{"type":"Feature","geometry":{"type":"Point","coordinates":[90.43060516304061,25.699071829524485]},"id":"0000000000000000000b","properties":{"class":1,"geom_type":"Point"}},{"type":"Feature","geometry":{"type":"Point","coordinates":[90.42903773420817,25.697753995830904]},"id":"0000000000000000000c","properties":{"class":1,"geom_type":"Point"}},{"type":"Feature","geometry":{"type":"Point","coordinates":[90.43023399942881,25.697275444213382]},"id":"0000000000000000000d","properties":{"class":1,"geom_type":"Point"}},{"type":"Feature","geometry":{"type":"Point","coordinates":[90.42887680166727,25.69598962933055]},"id":"0000000000000000000e","properties":{"class":1,"geom_type":"Point"}},{"type":"Feature","geometry":{"type":"Point","coordinates":[90.45580353691179,25.70655927841221]},"id":"0000000000000000000f","properties":{"class":1,"geom_type":"Point"}},{"type":"Feature","geometry":{"type":"Point","coordinates":[90.44421699985803,25.71174623648372]},"id":"00000000000000000010","properties":{"class":1,"geom_type":"Point"}},{"type":"Feature","geometry":{"type":"Point","coordinates":[90.44644859775842,25.710083577649932]},"id":"00000000000000000011","properties":{"class":1,"geom_type":"Point"}},{"type":"Feature","geometry":{"type":"Point","coordinates":[90.45273569568933,25.711784902691807]},"id":"00000000000000000012","properties":{"class":1,"geom_type":"Point"}},{"type":"Feature","geometry":{"type":"Point","coordinates":[90.46026733860315,25.710412244610488]},"id":"00000000000000000013","properties":{"class":1,"geom_type":"Point"}},{"type":"Feature","geometry":{"type":"Point","coordinates":[90.46204832538905,25.71576745482516]},"id":"00000000000000000014","properties":{"class":1,"geom_type":"Point"}},{"type":"Feature","geometry":{"type":"Point","coordinates":[90.46903490617838,25.718731713488637]},"id":"00000000000000000015","properties":{"class":1,"geom_type":"Point"}},{"type":"Feature","geometry":{"type":"Point","coordinates":[90.46580641646533,25.72607633624929]},"id":"00000000000000000016","properties":{"class":1,"geom_type":"Point"}},{"type":"Feature","geometry":{"type":"Point","coordinates":[90.4563650407329,25.725496411487395]},"id":"00000000000000000017","properties":{"class":1,"geom_type":"Point"}},{"type":"Feature","geometry":{"type":"Point","coordinates":[90.45239537139086,25.726346966836953]},"id":"00000000000000000018","properties":{"class":1,"geom_type":"Point"}},{"type":"Feature","geometry":{"type":"Point","coordinates":[90.46506759112259,25.73438828035926]},"id":"00000000000000000019","properties":{"class":1,"geom_type":"Point"}},{"type":"Feature","geometry":{"type":"Point","coordinates":[90.46755668108841,25.733112531341373]},"id":"0000000000000000001a","properties":{"class":1,"geom_type":"Point"}},{"type":"Feature","geometry":{"type":"Point","coordinates":[90.47506686633011,25.735451394081952]},"id":"0000000000000000001b","properties":{"class":1,"geom_type":"Point"}},{"type":"Feature","geometry":{"type":"Point","coordinates":[90.46935912554642,25.734755538902093]},"id":"0000000000000000001c","properties":{"class":1,"geom_type":"Point"}},{"type":"Feature","geometry":{"type":"Point","coordinates":[90.48727274998231,25.727947354312064]},"id":"0000000000000000001d","properties":{"class":1,"geom_type":"Point"}},{"type":"Feature","geometry":{"type":"Point","coordinates":[90.48935414417788,25.728778561792726]},"id":"0000000000000000001e","properties":{"class":1,"geom_type":"Point"}},{"type":"Feature","geometry":{"type":"Point","coordinates":[90.50681509434001,25.735366799920396]},"id":"0000000000000000001f","properties":{"class":1,"geom_type":"Point"}},{"type":"Feature","geometry":{"type":"Point","coordinates":[90.50529159961955,25.735347470651078]},"id":"00000000000000000020","properties":{"class":1,"geom_type":"Point"}},{"type":"Feature","geometry":{"type":"Point","coordinates":[90.50728716312663,25.739638491325675]},"id":"00000000000000000021","properties":{"class":1,"geom_type":"Point"}},{"type":"Feature","geometry":{"type":"Point","coordinates":[90.50685800968425,25.7385174288025]},"id":"00000000000000000022","properties":{"class":1,"geom_type":"Point"}},{"type":"Feature","geometry":{"type":"Point","coordinates":[90.50917543827312,25.739193933314525]},"id":"00000000000000000023","properties":{"class":1,"geom_type":"Point"}},{"type":"Feature","geometry":{"type":"Point","coordinates":[90.52003044397486,25.739568221547135]},"id":"00000000000000000024","properties":{"class":1,"geom_type":"Point"}},{"type":"Feature","geometry":{"type":"Point","coordinates":[90.51945108682766,25.737847965080324]},"id":"00000000000000000025","properties":{"class":1,"geom_type":"Point"}},{"type":"Feature","geometry":{"type":"Point","coordinates":[90.51893610269678,25.736282316765394]},"id":"00000000000000000026","properties":{"class":1,"geom_type":"Point"}},{"type":"Feature","geometry":{"type":"Point","coordinates":[90.51964420587672,25.73492927074487]},"id":"00000000000000000027","properties":{"class":1,"geom_type":"Point"}},{"type":"Feature","geometry":{"type":"Point","coordinates":[90.52091020853175,25.734600671529748]},"id":"00000000000000000028","properties":{"class":1,"geom_type":"Point"}},{"type":"Feature","geometry":{"type":"Point","coordinates":[90.52393574030054,25.734330059729317]},"id":"00000000000000000029","properties":{"class":1,"geom_type":"Point"}},{"type":"Feature","geometry":{"type":"Point","coordinates":[90.52196163446558,25.739046348620924]},"id":"0000000000000000002a","properties":{"class":1,"geom_type":"Point"}},{"type":"Feature","geometry":{"type":"Point","coordinates":[90.52547190208317,25.748231835546836]},"id":"0000000000000000002b","properties":{"class":1,"geom_type":"Point"}},{"type":"Feature","geometry":{"type":"Point","coordinates":[90.52609417457462,25.75103424289081]},"id":"0000000000000000002c","properties":{"class":1,"geom_type":"Point"}},{"type":"Feature","geometry":{"type":"Point","coordinates":[90.51648113746525,25.748985592987278]},"id":"0000000000000000002d","properties":{"class":1,"geom_type":"Point"}},{"type":"Feature","geometry":{"type":"Point","coordinates":[90.53366873283268,25.753121510226773]},"id":"0000000000000000002e","properties":{"class":1,"geom_type":"Point"}},{"type":"Feature","geometry":{"type":"Point","coordinates":[90.53259584922672,25.751845962324495]},"id":"0000000000000000002f","properties":{"class":1,"geom_type":"Point"}},{"type":"Feature","geometry":{"type":"Point","coordinates":[90.53529951591374,25.750241844759735]},"id":"00000000000000000030","properties":{"class":1,"geom_type":"Point"}},{"type":"Feature","geometry":{"type":"Point","coordinates":[90.13657443601144,25.753781123958753]},"id":"00000000000000000031","properties":{"class":1,"geom_type":"Point"}},{"type":"Feature","geometry":{"type":"Point","coordinates":[90.1239573248054,25.755829691149696]},"id":"00000000000000000032","properties":{"class":1,"geom_type":"Point"}},{"type":"Feature","geometry":{"type":"Point","coordinates":[90.11279933530344,25.757221150597747]},"id":"00000000000000000033","properties":{"class":1,"geom_type":"Point"}},{"type":"Feature","geometry":{"type":"Point","coordinates":[90.11211268979562,25.753008070552635]},"id":"00000000000000000034","properties":{"class":1,"geom_type":"Point"}},{"type":"Feature","geometry":{"type":"Point","coordinates":[90.14867431632446,25.774822520211]},"id":"00000000000000000035","properties":{"class":1,"geom_type":"Point"}},{"type":"Feature","geometry":{"type":"Point","coordinates":[90.13030654899048,25.774165541594524]},"id":"00000000000000000036","properties":{"class":1,"geom_type":"Point"}},{"type":"Feature","geometry":{"type":"Point","coordinates":[90.17501254802976,25.802108715274116]},"id":"00000000000000000037","properties":{"class":1,"geom_type":"Point"}},{"type":"Feature","geometry":{"type":"Point","coordinates":[90.18209357982907,25.80071778222023]},"id":"00000000000000000038","properties":{"class":1,"geom_type":"Point"}},{"type":"Feature","geometry":{"type":"Point","coordinates":[90.23018400751229,25.791389653677623]},"id":"00000000000000000039","properties":{"class":1,"geom_type":"Point"}},{"type":"Feature","geometry":{"type":"Point","coordinates":[90.28762208150387,25.787122875608173]},"id":"0000000000000000003a","properties":{"class":1,"geom_type":"Point"}},{"type":"Feature","geometry":{"type":"Point","coordinates":[90.6816728169222,25.837122705750847]},"id":"0000000000000000003b","properties":{"class":1,"geom_type":"Point"}},{"type":"Feature","geometry":{"type":"Point","coordinates":[90.67362618987752,25.835635619272537]},"id":"0000000000000000003c","properties":{"class":1,"geom_type":"Point"}},{"type":"Feature","geometry":{"type":"Point","coordinates":[90.67096543853475,25.8338974425587]},"id":"0000000000000000003d","properties":{"class":1,"geom_type":"Point"}},{"type":"Feature","geometry":{"type":"Point","coordinates":[90.77059194338379,25.804329186219537]},"id":"0000000000000000003e","properties":{"class":1,"geom_type":"Point"}},{"type":"Feature","geometry":{"type":"Point","coordinates":[90.82278951565456,25.7639150499851]},"id":"0000000000000000003f","properties":{"class":1,"geom_type":"Point"}},{"type":"Feature","geometry":{"type":"Point","coordinates":[90.82266076962185,25.762175821183114]},"id":"00000000000000000040","properties":{"class":1,"geom_type":"Point"}},{"type":"Feature","geometry":{"type":"Point","coordinates":[90.8233903304739,25.76070711924113]},"id":"00000000000000000041","properties":{"class":1,"geom_type":"Point"}},{"type":"Feature","geometry":{"type":"Point","coordinates":[91.0873486839777,25.65150506425383]},"id":"00000000000000000042","properties":{"class":1,"geom_type":"Point"}},{"type":"Feature","geometry":{"type":"Point","coordinates":[91.0913827263361,25.650808718385726]},"id":"00000000000000000043","properties":{"class":1,"geom_type":"Point"}},{"type":"Feature","geometry":{"type":"Point","coordinates":[91.07031922625572,25.63965374514328]},"id":"00000000000000000044","properties":{"class":1,"geom_type":"Point"}},{"type":"Feature","geometry":{"type":"Point","coordinates":[91.06851678179771,25.641626898974796]},"id":"00000000000000000045","properties":{"class":1,"geom_type":"Point"}},{"type":"Feature","geometry":{"type":"Point","coordinates":[91.06971841143638,25.647275355086535]},"id":"00000000000000000046","properties":{"class":1,"geom_type":"Point"}},{"type":"Feature","geometry":{"type":"Point","coordinates":[91.07409577654869,25.648745457352017]},"id":"00000000000000000047","properties":{"class":1,"geom_type":"Point"}},{"type":"Feature","geometry":{"type":"Point","coordinates":[91.05765919970543,25.640466224200427]},"id":"00000000000000000048","properties":{"class":1,"geom_type":"Point"}},{"type":"Feature","geometry":{"type":"Point","coordinates":[91.05418305682213,25.635862103094045]},"id":"00000000000000000049","properties":{"class":1,"geom_type":"Point"}},{"type":"Feature","geometry":{"type":"Point","coordinates":[91.0493336229232,25.635049592702288]},"id":"0000000000000000004a","properties":{"class":1,"geom_type":"Point"}},{"type":"Feature","geometry":{"type":"Point","coordinates":[91.09111134975852,25.625323719521482]},"id":"0000000000000000004b","properties":{"class":1,"geom_type":"Point"}},{"type":"Feature","geometry":{"type":"Point","coordinates":[91.08506028622092,25.627684045682983]},"id":"0000000000000000004c","properties":{"class":1,"geom_type":"Point"}},{"type":"Feature","geometry":{"type":"Point","coordinates":[91.08102624386252,25.629038310126344]},"id":"0000000000000000004d","properties":{"class":1,"geom_type":"Point"}},{"type":"Feature","geometry":{"type":"Point","coordinates":[91.07690637081565,25.629115696202145]},"id":"0000000000000000004e","properties":{"class":1,"geom_type":"Point"}},{"type":"Feature","geometry":{"type":"Point","coordinates":[91.07742135494651,25.621995967342666]},"id":"0000000000000000004f","properties":{"class":1,"geom_type":"Point"}},{"type":"Feature","geometry":{"type":"Point","coordinates":[91.2988776356015,25.76739454628413]},"id":"00000000000000000050","properties":{"class":1,"geom_type":"Point"}},{"type":"Feature","geometry":{"type":"Point","coordinates":[91.31072227061127,25.77713347113245]},"id":"00000000000000000051","properties":{"class":1,"geom_type":"Point"}},{"type":"Feature","geometry":{"type":"Point","coordinates":[91.40482444117025,25.794599698531396]},"id":"00000000000000000052","properties":{"class":1,"geom_type":"Point"}},{"type":"Feature","geometry":{"type":"Point","coordinates":[91.41066092798665,25.78625332670425]},"id":"00000000000000000053","properties":{"class":1,"geom_type":"Point"}},{"type":"Feature","geometry":{"type":"Point","coordinates":[91.46936911890462,25.78486220761749]},"id":"00000000000000000054","properties":{"class":1,"geom_type":"Point"}},{"type":"Feature","geometry":{"type":"Point","coordinates":[90.91002445583324,25.895051383040684]},"id":"00000000000000000055","properties":{"class":1,"geom_type":"Point"}},{"type":"Feature","geometry":{"type":"Point","coordinates":[90.91414432888011,25.890881812723592]},"id":"00000000000000000056","properties":{"class":1,"geom_type":"Point"}},{"type":"Feature","geometry":{"type":"Point","coordinates":[90.91998081569652,25.89976127603282]},"id":"00000000000000000057","properties":{"class":1,"geom_type":"Point"}},{"type":"Feature","geometry":{"type":"Point","coordinates":[90.94023685817699,25.90053337170373]},"id":"00000000000000000058","properties":{"class":1,"geom_type":"Point"}},{"type":"Feature","geometry":{"type":"Point","coordinates":[90.8187759733602,25.817302716240242]},"id":"00000000000000000059","properties":{"class":1,"geom_type":"Point"}},{"type":"Feature","geometry":{"type":"Point","coordinates":[90.7807334528915,25.760961585718793]},"id":"0000000000000000005a","properties":{"class":1,"geom_type":"Point"}},{"type":"Feature","geometry":{"type":"Point","coordinates":[90.70784913534723,25.761101393167575]},"id":"0000000000000000005b","properties":{"class":1,"geom_type":"Point"}},{"type":"Feature","geometry":{"type":"Point","coordinates":[90.70891129011713,25.761434750345238]},"id":"0000000000000000005c","properties":{"class":1,"geom_type":"Point"}},{"type":"Feature","geometry":{"type":"Point","coordinates":[90.70810391560516,25.75991039911269]},"id":"0000000000000000005d","properties":{"class":1,"geom_type":"Point"}},{"type":"Feature","geometry":{"type":"Point","coordinates":[90.70841505185089,25.76050464982443]},"id":"0000000000000000005e","properties":{"class":1,"geom_type":"Point"}},{"type":"Feature","geometry":{"type":"Point","coordinates":[90.62997512657145,25.755884200099825]},"id":"0000000000000000005f","properties":{"class":1,"geom_type":"Point"}},{"type":"Feature","geometry":{"type":"Point","coordinates":[90.62746457893351,25.756367347367473]},"id":"00000000000000000060","properties":{"class":1,"geom_type":"Point"}},{"type":"Feature","geometry":{"type":"Point","coordinates":[90.62379531700114,25.75652195407797]},"id":"00000000000000000061","properties":{"class":1,"geom_type":"Point"}},{"type":"Feature","geometry":{"type":"Point","coordinates":[90.62205724555949,25.75457002958718]},"id":"00000000000000000062","properties":{"class":1,"geom_type":"Point"}},{"type":"Feature","geometry":{"type":"Point","coordinates":[90.52140984302916,25.718471217858212]},"id":"00000000000000000063","properties":{"class":1,"geom_type":"Point"}},{"type":"Feature","geometry":{"type":"Point","coordinates":[90.52840504414,25.713406122260153]},"id":"00000000000000000064","properties":{"class":1,"geom_type":"Point"}},{"type":"Feature","geometry":{"type":"Point","coordinates":[90.4912484992416,25.70970482776562]},"id":"00000000000000000065","properties":{"class":1,"geom_type":"Point"}},{"type":"Feature","geometry":{"type":"Point","coordinates":[90.48457547329966,25.623429386024718]},"id":"00000000000000000066","properties":{"class":1,"geom_type":"Point"}},{"type":"Feature","geometry":{"type":"Point","coordinates":[90.48200055264536,25.617083259220653]},"id":"00000000000000000067","properties":{"class":1,"geom_type":"Point"}},{"type":"Feature","geometry":{"type":"Point","coordinates":[90.47899647854868,25.61646410685182]},"id":"00000000000000000068","properties":{"class":1,"geom_type":"Point"}},{"type":"Feature","geometry":{"type":"Point","coordinates":[90.52371426724497,25.614529235022765]},"id":"00000000000000000069","properties":{"class":1,"geom_type":"Point"}},{"type":"Feature","geometry":{"type":"Point","coordinates":[90.53341313504282,25.60876313120486]},"id":"0000000000000000006a","properties":{"class":1,"geom_type":"Point"}},{"type":"Feature","geometry":{"type":"Point","coordinates":[90.51916524075571,25.610427203143363]},"id":"0000000000000000006b","properties":{"class":1,"geom_type":"Point"}},{"type":"Feature","geometry":{"type":"Point","coordinates":[90.46731282150444,25.597865076202417]},"id":"0000000000000000006c","properties":{"class":1,"geom_type":"Point"}},{"type":"Feature","geometry":{"type":"Point","coordinates":[90.46838570511039,25.595001009237137]},"id":"0000000000000000006d","properties":{"class":1,"geom_type":"Point"}},{"type":"Feature","geometry":{"type":"Point","coordinates":[90.47417927658257,25.59531064140464]},"id":"0000000000000000006e","properties":{"class":1,"geom_type":"Point"}},{"type":"Feature","geometry":{"type":"Point","coordinates":[90.47430802261528,25.590782191099557]},"id":"0000000000000000006f","properties":{"class":1,"geom_type":"Point"}},{"type":"Feature","geometry":{"type":"Point","coordinates":[90.4861097422808,25.592446513272634]},"id":"00000000000000000070","properties":{"class":1,"geom_type":"Point"}},{"type":"Feature","geometry":{"type":"Point","coordinates":[90.47615338241754,25.59836821601907]},"id":"00000000000000000071","properties":{"class":1,"geom_type":"Point"}},{"type":"Feature","geometry":{"type":"Point","coordinates":[90.36718648196907,25.592326128834216]},"id":"00000000000000000072","properties":{"class":1,"geom_type":"Point"}},{"type":"Feature","geometry":{"type":"Point","coordinates":[90.36336701633186,25.589152281938226]},"id":"00000000000000000073","properties":{"class":1,"geom_type":"Point"}},{"type":"Feature","geometry":{"type":"Point","coordinates":[90.36774438144417,25.584971964871237]},"id":"00000000000000000074","properties":{"class":1,"geom_type":"Point"}},{"type":"Feature","geometry":{"type":"Point","coordinates":[90.29707053532893,25.588228088415303]},"id":"00000000000000000075","properties":{"class":1,"geom_type":"Point"}},{"type":"Feature","geometry":{"type":"Point","coordinates":[90.2938947998553,25.592717930598894]},"id":"00000000000000000076","properties":{"class":1,"geom_type":"Point"}},{"type":"Feature","geometry":{"type":"Point","coordinates":[90.19403305461711,25.54461172102648]},"id":"00000000000000000077","properties":{"class":1,"geom_type":"Point"}},{"type":"Feature","geometry":{"type":"Point","coordinates":[90.19020286014384,25.545027964184584]},"id":"00000000000000000078","properties":{"class":1,"geom_type":"Point"}},{"type":"Feature","geometry":{"type":"Point","coordinates":[90.08086731017927,25.537185420673342]},"id":"00000000000000000079","properties":{"class":1,"geom_type":"Point"}},{"type":"Feature","geometry":{"type":"Point","coordinates":[90.09889728781413,25.509597275444815]},"id":"0000000000000000007a","properties":{"class":1,"geom_type":"Point"}},{"type":"Feature","geometry":{"type":"Point","coordinates":[90.10208375212382,25.507728458166422]},"id":"0000000000000000007b","properties":{"class":1,"geom_type":"Point"}},{"type":"Feature","geometry":{"type":"Point","coordinates":[89.89338268666326,25.519782077046724]},"id":"0000000000000000007c","properties":{"class":1,"geom_type":"Point"}},{"type":"Feature","geometry":{"type":"Point","coordinates":[89.89351143269597,25.517768184548295]},"id":"0000000000000000007d","properties":{"class":1,"geom_type":"Point"}},{"type":"Feature","geometry":{"type":"Point","coordinates":[89.8979019451699,25.46344667226311]},"id":"0000000000000000007e","properties":{"class":1,"geom_type":"Point"}},{"type":"Feature","geometry":{"type":"Point","coordinates":[89.89687356478981,25.457063678034217]},"id":"0000000000000000007f","properties":{"class":1,"geom_type":"Point"}},{"type":"Feature","geometry":{"type":"Point","coordinates":[89.87745119163893,25.37872897201151]},"id":"00000000000000000080","properties":{"class":1,"geom_type":"Point"}},{"type":"Feature","geometry":{"type":"Point","coordinates":[89.86783815452955,25.379039161823638]},"id":"00000000000000000081","properties":{"class":1,"geom_type":"Point"}},{"type":"Feature","geometry":{"type":"Point","coordinates":[89.8376257521858,25.385630506988882]},"id":"00000000000000000082","properties":{"class":1,"geom_type":"Point"}},{"type":"Feature","geometry":{"type":"Point","coordinates":[89.8269827468147,25.373378072362684]},"id":"00000000000000000083","properties":{"class":1,"geom_type":"Point"}},{"type":"Feature","geometry":{"type":"Point","coordinates":[89.85913288984604,25.347183903460557]},"id":"00000000000000000084","properties":{"class":1,"geom_type":"Point"}},{"type":"Feature","geometry":{"type":"Point","coordinates":[89.87509739790268,25.340357744943653]},"id":"00000000000000000085","properties":{"class":1,"geom_type":"Point"}},{"type":"Feature","geometry":{"type":"Point","coordinates":[89.88934529218979,25.336479074194934]},"id":"00000000000000000086","properties":{"class":1,"geom_type":"Point"}},{"type":"Feature","geometry":{"type":"Point","coordinates":[89.91466534529037,25.3327554333117]},"id":"00000000000000000087","properties":{"class":1,"geom_type":"Point"}},{"type":"Feature","geometry":{"type":"Point","coordinates":[89.9076272288353,25.331746927522936]},"id":"00000000000000000088","properties":{"class":1,"geom_type":"Point"}},{"type":"Feature","geometry":{"type":"Point","coordinates":[89.87518322859115,25.32274758079315]},"id":"00000000000000000089","properties":{"class":1,"geom_type":"Point"}},{"type":"Feature","geometry":{"type":"Point","coordinates":[89.98600267683622,25.286213122346137]},"id":"0000000000000000008a","properties":{"class":1,"geom_type":"Point"}},{"type":"Feature","geometry":{"type":"Point","coordinates":[90.00750299854487,25.251246598871603]},"id":"0000000000000000008b","properties":{"class":1,"geom_type":"Point"}},{"type":"Feature","geometry":{"type":"Point","coordinates":[90.01351114673822,25.2503150447652]},"id":"0000000000000000008c","properties":{"class":1,"geom_type":"Point"}},{"type":"Feature","geometry":{"type":"Point","coordinates":[90.01934763355463,25.244026867711924]},"id":"0000000000000000008d","properties":{"class":1,"geom_type":"Point"}},{"type":"Feature","geometry":{"type":"Point","coordinates":[90.30762793133198,25.244555727011065]},"id":"0000000000000000008e","properties":{"class":1,"geom_type":"Point"}},{"type":"Feature","geometry":{"type":"Point","coordinates":[90.31161905834614,25.24797155240108]},"id":"0000000000000000008f","properties":{"class":1,"geom_type":"Point"}},{"type":"Feature","geometry":{"type":"Point","coordinates":[90.35017595744951,25.254350030920698]},"id":"00000000000000000090","properties":{"class":1,"geom_type":"Point"}},{"type":"Feature","geometry":{"type":"Point","coordinates":[90.34159288860185,25.25089557015865]},"id":"00000000000000000091","properties":{"class":1,"geom_type":"Point"}},{"type":"Feature","geometry":{"type":"Point","coordinates":[90.3660330614011,25.237370225509313]},"id":"00000000000000000092","properties":{"class":1,"geom_type":"Point"}},{"type":"Feature","geometry":{"type":"Point","coordinates":[90.36208558566636,25.226904694899957]},"id":"00000000000000000093","properties":{"class":1,"geom_type":"Point"}},{"type":"Feature","geometry":{"type":"Point","coordinates":[90.35659242160388,25.227215273542168]},"id":"00000000000000000094","properties":{"class":1,"geom_type":"Point"}},{"type":"Feature","geometry":{"type":"Point","coordinates":[90.34490940581662,25.218151175637963]},"id":"00000000000000000095","properties":{"class":1,"geom_type":"Point"}},{"type":"Feature","geometry":{"type":"Point","coordinates":[90.35190460692746,25.213957984609664]},"id":"00000000000000000096","properties":{"class":1,"geom_type":"Point"}},{"type":"Feature","geometry":{"type":"Point","coordinates":[90.32131951380404,25.21547421801804]},"id":"00000000000000000097","properties":{"class":1,"geom_type":"Point"}},{"type":"Feature","geometry":{"type":"Point","coordinates":[90.31359475184115,25.210426729685594]},"id":"00000000000000000098","properties":{"class":1,"geom_type":"Point"}},{"type":"Feature","geometry":{"type":"Point","coordinates":[90.27592402482853,25.213753438085828]},"id":"00000000000000000099","properties":{"class":1,"geom_type":"Point"}},{"type":"Feature","geometry":{"type":"Point","coordinates":[90.2809451201044,25.211928575277156]},"id":"0000000000000000009a","properties":{"class":1,"geom_type":"Point"}},{"type":"Feature","geometry":{"type":"Point","coordinates":[90.25984265893045,25.21185337891562]},"id":"0000000000000000009b","properties":{"class":1,"geom_type":"Point"}},{"type":"Feature","geometry":{"type":"Point","coordinates":[90.26379087060037,25.20649510965598]},"id":"0000000000000000009c","properties":{"class":1,"geom_type":"Point"}},{"type":"Feature","geometry":{"type":"Point","coordinates":[90.2634904631907,25.20416535379367]},"id":"0000000000000000009d","properties":{"class":1,"geom_type":"Point"}},{"type":"Feature","geometry":{"type":"Point","coordinates":[90.26619412987772,25.2027286487864]},"id":"0000000000000000009e","properties":{"class":1,"geom_type":"Point"}},{"type":"Feature","geometry":{"type":"Point","coordinates":[90.25655333083627,25.187510524179267]},"id":"0000000000000000009f","properties":{"class":1,"geom_type":"Point"}},{"type":"Feature","geometry":{"type":"Point","coordinates":[90.25852743667123,25.18937458735423]},"id":"000000000000000000a0","properties":{"class":1,"geom_type":"Point"}},{"type":"Feature","geometry":{"type":"Point","coordinates":[90.26144568007943,25.18723867924985]},"id":"000000000000000000a1","properties":{"class":1,"geom_type":"Point"}},{"type":"Feature","geometry":{"type":"Point","coordinates":[90.37670435785427,25.220179913350787]},"id":"000000000000000000a2","properties":{"class":1,"geom_type":"Point"}},{"type":"Feature","geometry":{"type":"Point","coordinates":[90.36717715143337,25.212803029702258]},"id":"000000000000000000a3","properties":{"class":1,"geom_type":"Point"}},{"type":"Feature","geometry":{"type":"Point","coordinates":[90.3657609450735,25.208959107836897]},"id":"000000000000000000a4","properties":{"class":1,"geom_type":"Point"}},{"type":"Feature","geometry":{"type":"Point","coordinates":[90.40931930980756,25.2192092963198]},"id":"000000000000000000a5","properties":{"class":1,"geom_type":"Point"}},{"type":"Feature","geometry":{"type":"Point","coordinates":[90.40580025158003,25.213501911542348]},"id":"000000000000000000a6","properties":{"class":1,"geom_type":"Point"}},{"type":"Feature","geometry":{"type":"Point","coordinates":[90.41455498180463,25.213812524405064]},"id":"000000000000000000a7","properties":{"class":1,"geom_type":"Point"}},{"type":"Feature","geometry":{"type":"Point","coordinates":[90.42696447809634,25.228921428717413]},"id":"000000000000000000a8","properties":{"class":1,"geom_type":"Point"}},{"type":"Feature","geometry":{"type":"Point","coordinates":[90.41897919510977,25.244098931292548]},"id":"000000000000000000a9","properties":{"class":1,"geom_type":"Point"}},{"type":"Feature","geometry":{"type":"Point","coordinates":[90.4137435231127,25.244370649212694]},"id":"000000000000000000aa","properties":{"class":1,"geom_type":"Point"}},{"type":"Feature","geometry":{"type":"Point","coordinates":[90.39919522141592,25.246544370700697]},"id":"000000000000000000ab","properties":{"class":1,"geom_type":"Point"}},{"type":"Feature","geometry":{"type":"Point","coordinates":[90.39674904679434,25.24988251012532]},"id":"000000000000000000ac","properties":{"class":1,"geom_type":"Point"}},{"type":"Feature","geometry":{"type":"Point","coordinates":[90.43669091791318,25.2529357837311]},"id":"000000000000000000ad","properties":{"class":1,"geom_type":"Point"}},{"type":"Feature","geometry":{"type":"Point","coordinates":[90.42285071939634,25.256079682377877]},"id":"000000000000000000ae","properties":{"class":1,"geom_type":"Point"}},{"type":"Feature","geometry":{"type":"Point","coordinates":[90.42006122202085,25.257515757151836]},"id":"000000000000000000af","properties":{"class":1,"geom_type":"Point"}},{"type":"Feature","geometry":{"type":"Point","coordinates":[90.43690549463437,25.25417782748851]},"id":"000000000000000000b0","properties":{"class":1,"geom_type":"Point"}},{"type":"Feature","geometry":{"type":"Point","coordinates":[90.43734132884472,25.249108509745987]},"id":"000000000000000000b1","properties":{"class":1,"geom_type":"Point"}},{"type":"Feature","geometry":{"type":"Point","coordinates":[90.42940199016064,25.25027296282776]},"id":"000000000000000000b2","properties":{"class":1,"geom_type":"Point"}},{"type":"Feature","geometry":{"type":"Point","coordinates":[90.45390164735595,25.246802744641673]},"id":"000000000000000000b3","properties":{"class":1,"geom_type":"Point"}},{"type":"Feature","geometry":{"type":"Point","coordinates":[90.45491015794555,25.24492015282565]},"id":"000000000000000000b4","properties":{"class":1,"geom_type":"Point"}},{"type":"Feature","geometry":{"type":"Point","coordinates":[90.45514619233886,25.243309252135663]},"id":"000000000000000000b5","properties":{"class":1,"geom_type":"Point"}},{"type":"Feature","geometry":{"type":"Point","coordinates":[90.45585914128553,25.240703677226794]},"id":"000000000000000000b6","properties":{"class":1,"geom_type":"Point"}},{"type":"Feature","geometry":{"type":"Point","coordinates":[90.4569320248915,25.237481742710436]},"id":"000000000000000000b7","properties":{"class":1,"geom_type":"Point"}},{"type":"Feature","geometry":{"type":"Point","coordinates":[90.50313430421193,25.248444534778578]},"id":"000000000000000000b8","properties":{"class":1,"geom_type":"Point"}},{"type":"Feature","geometry":{"type":"Point","coordinates":[90.50740438096364,25.249337288018747]},"id":"000000000000000000b9","properties":{"class":1,"geom_type":"Point"}},{"type":"Feature","geometry":{"type":"Point","coordinates":[90.51973867261731,25.242095868237993]},"id":"000000000000000000ba","properties":{"class":1,"geom_type":"Point"}},{"type":"Feature","geometry":{"type":"Point","coordinates":[90.52407312238539,25.245434129876593]},"id":"000000000000000000bb","properties":{"class":1,"geom_type":"Point"}},{"type":"Feature","geometry":{"type":"Point","coordinates":[90.52727031553113,25.24283339905029]},"id":"000000000000000000bc","properties":{"class":1,"geom_type":"Point"}},{"type":"Feature","geometry":{"type":"Point","coordinates":[90.5219702705177,25.239068063262796]},"id":"000000000000000000bd","properties":{"class":1,"geom_type":"Point"}},{"type":"Feature","geometry":{"type":"Point","coordinates":[90.54533404403405,25.243370606655052]},"id":"000000000000000000be","properties":{"class":1,"geom_type":"Point"}},{"type":"Feature","geometry":{"type":"Point","coordinates":[90.56643438762075,25.241237149713633]},"id":"000000000000000000bf","properties":{"class":1,"geom_type":"Point"}},{"type":"Feature","geometry":{"type":"Point","coordinates":[90.56384783022727,25.228631235702476]},"id":"000000000000000000c0","properties":{"class":1,"geom_type":"Point"}},{"type":"Feature","geometry":{"type":"Point","coordinates":[90.58588577342988,25.239396795043668]},"id":"000000000000000000c1","properties":{"class":1,"geom_type":"Point"}},{"type":"Feature","geometry":{"type":"Point","coordinates":[90.59017730785371,25.238232237733556]},"id":"000000000000000000c2","properties":{"class":1,"geom_type":"Point"}},{"type":"Feature","geometry":{"type":"Point","coordinates":[90.59365345073701,25.237106488394463]},"id":"000000000000000000c3","properties":{"class":1,"geom_type":"Point"}},{"type":"Feature","geometry":{"type":"Point","coordinates":[90.59184679574663,25.22798643586562]},"id":"000000000000000000c4","properties":{"class":1,"geom_type":"Point"}},{"type":"Feature","geometry":{"type":"Point","coordinates":[90.58523783273394,25.23194621891139]},"id":"000000000000000000c5","properties":{"class":1,"geom_type":"Point"}},{"type":"Feature","geometry":{"type":"Point","coordinates":[90.55552193789154,25.208129441997425]},"id":"000000000000000000c6","properties":{"class":1,"geom_type":"Point"}},{"type":"Feature","geometry":{"type":"Point","coordinates":[90.54844090609222,25.20801295682734]},"id":"000000000000000000c7","properties":{"class":1,"geom_type":"Point"}},{"type":"Feature","geometry":{"type":"Point","coordinates":[90.5447072711435,25.200829489284175]},"id":"000000000000000000c8","properties":{"class":1,"geom_type":"Point"}},{"type":"Feature","geometry":{"type":"Point","coordinates":[91.78704016148517,25.869979033620556]},"id":"000000000000000000c9","properties":{"class":1,"geom_type":"Point"}},{"type":"Feature","geometry":{"type":"Point","coordinates":[91.7975115054793,25.86395499491502]},"id":"000000000000000000ca","properties":{"class":1,"geom_type":"Point"}},{"type":"Feature","geometry":{"type":"Point","coordinates":[91.74339800312144,25.859248617130195]},"id":"000000000000000000cb","properties":{"class":1,"geom_type":"Point"}},{"type":"Feature","geometry":{"type":"Point","coordinates":[91.78082018329722,25.833294369251455]},"id":"000000000000000000cc","properties":{"class":1,"geom_type":"Point"}},{"type":"Feature","geometry":{"type":"Point","coordinates":[91.83150680896075,25.86733000051603]},"id":"000000000000000000cd","properties":{"class":1,"geom_type":"Point"}},{"type":"Feature","geometry":{"type":"Point","coordinates":[91.8151989781502,25.875516205916743]},"id":"000000000000000000ce","properties":{"class":1,"geom_type":"Point"}},{"type":"Feature","geometry":{"type":"Point","coordinates":[91.9183504322557,25.77537619635616]},"id":"000000000000000000cf","properties":{"class":1,"geom_type":"Point"}},{"type":"Feature","geometry":{"type":"Point","coordinates":[91.91815731320663,25.771009172955406]},"id":"000000000000000000d0","properties":{"class":1,"geom_type":"Point"}},{"type":"Feature","geometry":{"type":"Point","coordinates":[92.12796637933681,25.85487151985944]},"id":"000000000000000000d1","properties":{"class":1,"geom_type":"Point"}},{"type":"Feature","geometry":{"type":"Point","coordinates":[92.13185021799038,25.85483290026866]},"id":"000000000000000000d2","properties":{"class":1,"geom_type":"Point"}},{"type":"Feature","geometry":{"type":"Point","coordinates":[91.98286532322267,26.013198985158883]},"id":"000000000000000000d3","properties":{"class":1,"geom_type":"Point"}},{"type":"Feature","geometry":{"type":"Point","coordinates":[91.98286532322267,26.010499213646685]},"id":"000000000000000000d4","properties":{"class":1,"geom_type":"Point"}},{"type":"Feature","geometry":{"type":"Point","coordinates":[91.90087217275283,25.9770386211248]},"id":"000000000000000000d5","properties":{"class":1,"geom_type":"Point"}},{"type":"Feature","geometry":{"type":"Point","coordinates":[91.90567869130751,25.979237637311527]},"id":"000000000000000000d6","properties":{"class":1,"geom_type":"Point"}},{"type":"Feature","geometry":{"type":"Point","coordinates":[91.82508302690044,25.94663116924108]},"id":"000000000000000000d7","properties":{"class":1,"geom_type":"Point"}},{"type":"Feature","geometry":{"type":"Point","coordinates":[91.83984590531841,25.95049006226729]},"id":"000000000000000000d8","properties":{"class":1,"geom_type":"Point"}},{"type":"Feature","geometry":{"type":"Point","coordinates":[91.84237791062847,25.95334556168047]},"id":"000000000000000000d9","properties":{"class":1,"geom_type":"Point"}},{"type":"Feature","geometry":{"type":"Point","coordinates":[91.6957202719354,25.920313785683526]},"id":"000000000000000000da","properties":{"class":1,"geom_type":"Point"}},{"type":"Feature","geometry":{"type":"Point","coordinates":[91.71525342867021,25.872531340362226]},"id":"000000000000000000db","properties":{"class":1,"geom_type":"Point"}},{"type":"Feature","geometry":{"type":"Point","coordinates":[91.637406152157,25.7829019167942]},"id":"000000000000000000dc","properties":{"class":1,"geom_type":"Point"}},{"type":"Feature","geometry":{"type":"Point","coordinates":[91.63476685848634,25.785684184636143]},"id":"000000000000000000dd","properties":{"class":1,"geom_type":"Point"}},{"type":"Feature","geometry":{"type":"Point","coordinates":[91.55211885630449,25.74115474554839]},"id":"000000000000000000de","properties":{"class":1,"geom_type":"Point"}},{"type":"Feature","geometry":{"type":"Point","coordinates":[91.5522476023372,25.737443648932786]},"id":"000000000000000000df","properties":{"class":1,"geom_type":"Point"}},{"type":"Feature","geometry":{"type":"Point","coordinates":[91.56207521616777,25.740304296142988]},"id":"000000000000000000e0","properties":{"class":1,"geom_type":"Point"}},{"type":"Feature","geometry":{"type":"Point","coordinates":[91.5819450205501,25.740806835163642]},"id":"000000000000000000e1","properties":{"class":1,"geom_type":"Point"}},{"type":"Feature","geometry":{"type":"Point","coordinates":[91.59108598887285,25.742971594342002]},"id":"000000000000000000e2","properties":{"class":1,"geom_type":"Point"}},{"type":"Feature","geometry":{"type":"Point","coordinates":[91.51821533693041,25.734031954326774]},"id":"000000000000000000e3","properties":{"class":1,"geom_type":"Point"}},{"type":"Feature","geometry":{"type":"Point","coordinates":[91.53237740052903,25.733490727520447]},"id":"000000000000000000e4","properties":{"class":1,"geom_type":"Point"}},{"type":"Feature","geometry":{"type":"Point","coordinates":[91.49851904728636,25.733402235277175]},"id":"000000000000000000e5","properties":{"class":1,"geom_type":"Point"}},{"type":"Feature","geometry":{"type":"Point","coordinates":[91.49671660282837,25.730077499789438]},"id":"000000000000000000e6","properties":{"class":1,"geom_type":"Point"}},{"type":"Feature","geometry":{"type":"Point","coordinates":[91.4707836152891,25.74702869735629]},"id":"000000000000000000e7","properties":{"class":1,"geom_type":"Point"}},{"type":"Feature","geometry":{"type":"Point","coordinates":[91.46662082689798,25.75850860091098]},"id":"000000000000000000e8","properties":{"class":1,"geom_type":"Point"}},{"type":"Feature","geometry":{"type":"Point","coordinates":[91.4748833850387,25.770827210072902]},"id":"000000000000000000e9","properties":{"class":1,"geom_type":"Point"}},{"type":"Feature","geometry":{"type":"Point","coordinates":[91.47702915225061,25.775773922347682]},"id":"000000000000000000ea","properties":{"class":1,"geom_type":"Point"}},{"type":"Feature","geometry":{"type":"Point","coordinates":[91.47702915225061,25.778942801525133]},"id":"000000000000000000eb","properties":{"class":1,"geom_type":"Point"}},{"type":"Feature","geometry":{"type":"Point","coordinates":[91.44686148537515,25.788536374303664]},"id":"000000000000000000ec","properties":{"class":1,"geom_type":"Point"}},{"type":"Feature","geometry":{"type":"Point","coordinates":[91.43518851174234,25.79042977927594]},"id":"000000000000000000ed","properties":{"class":1,"geom_type":"Point"}},{"type":"Feature","geometry":{"type":"Point","coordinates":[91.42510127162055,25.782492746374036]},"id":"000000000000000000ee","properties":{"class":1,"geom_type":"Point"}},{"type":"Feature","geometry":{"type":"Point","coordinates":[91.40828608579352,25.829955074390192]},"id":"000000000000000000ef","properties":{"class":1,"geom_type":"Point"}},{"type":"Feature","geometry":{"type":"Point","coordinates":[91.40047549314215,25.81859798009558]},"id":"000000000000000000f0","properties":{"class":1,"geom_type":"Point"}},{"type":"Feature","geometry":{"type":"Point","coordinates":[91.41000269956305,25.813189457083222]},"id":"000000000000000000f1","properties":{"class":1,"geom_type":"Point"}},{"type":"Feature","geometry":{"type":"Point","coordinates":[91.37755869931891,25.82956879656452]},"id":"000000000000000000f2","properties":{"class":1,"geom_type":"Point"}},{"type":"Feature","geometry":{"type":"Point","coordinates":[91.37258051938728,25.834126794579117]},"id":"000000000000000000f3","properties":{"class":1,"geom_type":"Point"}},{"type":"Feature","geometry":{"type":"Point","coordinates":[91.37129305906012,25.83590359370858]},"id":"000000000000000000f4","properties":{"class":1,"geom_type":"Point"}},{"type":"Feature","geometry":{"type":"Point","coordinates":[91.34400913009588,25.754496536134543]},"id":"000000000000000000f5","properties":{"class":1,"geom_type":"Point"}},{"type":"Feature","geometry":{"type":"Point","coordinates":[91.34439536819403,25.753124371143258]},"id":"000000000000000000f6","properties":{"class":1,"geom_type":"Point"}},{"type":"Feature","geometry":{"type":"Point","coordinates":[91.37436533768633,25.249688351769805]},"id":"000000000000000000f7","properties":{"class":1,"geom_type":"Point"}},{"type":"Feature","geometry":{"type":"Point","coordinates":[91.3407197078035,25.25155146245042]},"id":"000000000000000000f8","properties":{"class":1,"geom_type":"Point"}},{"type":"Feature","geometry":{"type":"Point","coordinates":[91.33951807816483,25.254423702099093]},"id":"000000000000000000f9","properties":{"class":1,"geom_type":"Point"}},{"type":"Feature","geometry":{"type":"Point","coordinates":[91.37488032181717,25.23936309554461]},"id":"000000000000000000fa","properties":{"class":1,"geom_type":"Point"}},{"type":"Feature","geometry":{"type":"Point","coordinates":[91.39959956009842,25.24270143225084]},"id":"000000000000000000fb","properties":{"class":1,"geom_type":"Point"}},{"type":"Feature","geometry":{"type":"Point","coordinates":[91.4037194331453,25.24937783054505]},"id":"000000000000000000fc","properties":{"class":1,"geom_type":"Point"}},{"type":"Feature","geometry":{"type":"Point","coordinates":[91.4060509295595,25.260740288712498]},"id":"000000000000000000fd","properties":{"class":1,"geom_type":"Point"}},{"type":"Feature","geometry":{"type":"Point","coordinates":[91.40854001952532,25.26136127227092]},"id":"000000000000000000fe","properties":{"class":1,"geom_type":"Point"}},{"type":"Feature","geometry":{"type":"Point","coordinates":[91.42157358690925,25.285190862833332]},"id":"000000000000000000ff","properties":{"class":1,"geom_type":"Point"}},{"type":"Feature","geometry":{"type":"Point","coordinates":[91.42878336474128,25.276032831468456]},"id":"00000000000000000100","properties":{"class":1,"geom_type":"Point"}},{"type":"Feature","geometry":{"type":"Point","coordinates":[91.43558363991373,25.26496260261347]},"id":"00000000000000000101","properties":{"class":1,"geom_type":"Point"}},{"type":"Feature","geometry":{"type":"Point","coordinates":[91.4463124759733,25.267213574617642]},"id":"00000000000000000102","properties":{"class":1,"geom_type":"Point"}},{"type":"Feature","geometry":{"type":"Point","coordinates":[91.44914488869303,25.265195463721835]},"id":"00000000000000000103","properties":{"class":1,"geom_type":"Point"}},{"type":"Feature","geometry":{"type":"Point","coordinates":[91.4543805606901,25.261236764136942]},"id":"00000000000000000104","properties":{"class":1,"geom_type":"Point"}},{"type":"Feature","geometry":{"type":"Point","coordinates":[91.45858626442545,25.26162487764622]},"id":"00000000000000000105","properties":{"class":1,"geom_type":"Point"}},{"type":"Feature","geometry":{"type":"Point","coordinates":[91.46545271950357,25.262789210730517]},"id":"00000000000000000106","properties":{"class":1,"geom_type":"Point"}},{"type":"Feature","geometry":{"type":"Point","coordinates":[91.46785597878092,25.264186395693084]},"id":"00000000000000000107","properties":{"class":1,"geom_type":"Point"}},{"type":"Feature","geometry":{"type":"Point","coordinates":[91.47197585182779,25.259063305559824]},"id":"00000000000000000108","properties":{"class":1,"geom_type":"Point"}},{"type":"Feature","geometry":{"type":"Point","coordinates":[91.47583823280924,25.260771026288282]},"id":"00000000000000000109","properties":{"class":1,"geom_type":"Point"}},{"type":"Feature","geometry":{"type":"Point","coordinates":[91.48193221169107,25.257976561682973]},"id":"0000000000000000010a","properties":{"class":1,"geom_type":"Point"}},{"type":"Feature","geometry":{"type":"Point","coordinates":[91.4847646244108,25.256346427633243]},"id":"0000000000000000010b","properties":{"class":1,"geom_type":"Point"}},{"type":"Feature","geometry":{"type":"Point","coordinates":[91.48699622231119,25.25347423345162]},"id":"0000000000000000010c","properties":{"class":1,"geom_type":"Point"}},{"type":"Feature","geometry":{"type":"Point","coordinates":[91.49602700597208,25.285026107083787]},"id":"0000000000000000010d","properties":{"class":1,"geom_type":"Point"}},{"type":"Feature","geometry":{"type":"Point","coordinates":[91.4885597360746,25.29224340017349]},"id":"0000000000000000010e","properties":{"class":1,"geom_type":"Point"}},{"type":"Feature","geometry":{"type":"Point","coordinates":[91.51642392452882,25.284800595983892]},"id":"0000000000000000010f","properties":{"class":1,"geom_type":"Point"}},{"type":"Feature","geometry":{"type":"Point","coordinates":[91.5135915118091,25.27603060260764]},"id":"00000000000000000110","properties":{"class":1,"geom_type":"Point"}},{"type":"Feature","geometry":{"type":"Point","coordinates":[91.6110846573586,25.267705324535626]},"id":"00000000000000000111","properties":{"class":1,"geom_type":"Point"}},{"type":"Feature","geometry":{"type":"Point","coordinates":[91.59546347205587,25.27104288232862]},"id":"00000000000000000112","properties":{"class":1,"geom_type":"Point"}},{"type":"Feature","geometry":{"type":"Point","coordinates":[91.67189215995255,25.241095800708873]},"id":"00000000000000000113","properties":{"class":1,"geom_type":"Point"}},{"type":"Feature","geometry":{"type":"Point","coordinates":[91.66210746146622,25.233642545305877]},"id":"00000000000000000114","properties":{"class":1,"geom_type":"Point"}},{"type":"Feature","geometry":{"type":"Point","coordinates":[91.6404649948318,25.228339118679735]},"id":"00000000000000000115","properties":{"class":1,"geom_type":"Point"}},{"type":"Feature","geometry":{"type":"Point","coordinates":[91.66029188386987,25.223913339048487]},"id":"00000000000000000116","properties":{"class":1,"geom_type":"Point"}},{"type":"Feature","geometry":{"type":"Point","coordinates":[92.33715011666786,25.621798405330804]},"id":"00000000000000000117","properties":{"class":1,"geom_type":"Point"}},{"type":"Feature","geometry":{"type":"Point","coordinates":[92.3974032599784,25.60322317180649]},"id":"00000000000000000118","properties":{"class":1,"geom_type":"Point"}},{"type":"Feature","geometry":{"type":"Point","coordinates":[92.46498235281769,25.645349773869317]},"id":"00000000000000000119","properties":{"class":1,"geom_type":"Point"}},{"type":"Feature","geometry":{"type":"Point","coordinates":[92.46262200888458,25.652003883798184]},"id":"0000000000000000011a","properties":{"class":1,"geom_type":"Point"}},{"type":"Feature","geometry":{"type":"Point","coordinates":[92.46624835547271,25.649469949636885]},"id":"0000000000000000011b","properties":{"class":1,"geom_type":"Point"}},{"type":"Feature","geometry":{"type":"Point","coordinates":[92.4712694507486,25.647632330132325]},"id":"0000000000000000011c","properties":{"class":1,"geom_type":"Point"}},{"type":"Feature","geometry":{"type":"Point","coordinates":[92.47066863592926,25.6460848391267]},"id":"0000000000000000011d","properties":{"class":1,"geom_type":"Point"}},{"type":"Feature","geometry":{"type":"Point","coordinates":[92.47281440314117,25.648193290666097]},"id":"0000000000000000011e","properties":{"class":1,"geom_type":"Point"}},{"type":"Feature","geometry":{"type":"Point","coordinates":[92.45006037687004,25.641479757396997]},"id":"0000000000000000011f","properties":{"class":1,"geom_type":"Point"}},{"type":"Feature","geometry":{"type":"Point","coordinates":[92.45199156736076,25.640822042266443]},"id":"00000000000000000120","properties":{"class":1,"geom_type":"Point"}},{"type":"Feature","geometry":{"type":"Point","coordinates":[92.39875509101816,25.644061119752834]},"id":"00000000000000000121","properties":{"class":1,"geom_type":"Point"}},{"type":"Feature","geometry":{"type":"Point","coordinates":[92.25064784953197,25.565786747254087]},"id":"00000000000000000122","properties":{"class":1,"geom_type":"Point"}},{"type":"Feature","geometry":{"type":"Point","coordinates":[92.25554019877514,25.567838546192576]},"id":"00000000000000000123","properties":{"class":1,"geom_type":"Point"}},{"type":"Feature","geometry":{"type":"Point","coordinates":[92.26472408244213,25.568186961388797]},"id":"00000000000000000124","properties":{"class":1,"geom_type":"Point"}},{"type":"Feature","geometry":{"type":"Point","coordinates":[92.27071412572464,25.56956125588904]},"id":"00000000000000000125","properties":{"class":1,"geom_type":"Point"}},{"type":"Feature","geometry":{"type":"Point","coordinates":[92.25843458871066,25.557119157459283]},"id":"00000000000000000126","properties":{"class":1,"geom_type":"Point"}},{"type":"Feature","geometry":{"type":"Point","coordinates":[92.2517865723217,25.555202684274867]},"id":"00000000000000000127","properties":{"class":1,"geom_type":"Point"}},{"type":"Feature","geometry":{"type":"Point","coordinates":[92.25058494268305,25.556306111973196]},"id":"00000000000000000128","properties":{"class":1,"geom_type":"Point"}},{"type":"Feature","geometry":{"type":"Point","coordinates":[92.2524517601574,25.554873589836255]},"id":"00000000000000000129","properties":{"class":1,"geom_type":"Point"}},{"type":"Feature","geometry":{"type":"Point","coordinates":[92.23428894245905,25.550043613524043]},"id":"0000000000000000012a","properties":{"class":1,"geom_type":"Point"}},{"type":"Feature","geometry":{"type":"Point","coordinates":[92.23542619908136,25.551805297167792]},"id":"0000000000000000012b","properties":{"class":1,"geom_type":"Point"}},{"type":"Feature","geometry":{"type":"Point","coordinates":[92.23184276783746,25.55132132072466]},"id":"0000000000000000012c","properties":{"class":1,"geom_type":"Point"}},{"type":"Feature","geometry":{"type":"Point","coordinates":[92.23803555888252,25.5384915256391]},"id":"0000000000000000012d","properties":{"class":1,"geom_type":"Point"}},{"type":"Feature","geometry":{"type":"Point","coordinates":[92.26509597853648,25.51885051246127]},"id":"0000000000000000012e","properties":{"class":1,"geom_type":"Point"}},{"type":"Feature","geometry":{"type":"Point","coordinates":[92.03117644409492,25.306434037501816]},"id":"0000000000000000012f","properties":{"class":1,"geom_type":"Point"}},{"type":"Feature","geometry":{"type":"Point","coordinates":[92.04576766113594,25.313262109019007]},"id":"00000000000000000130","properties":{"class":1,"geom_type":"Point"}},{"type":"Feature","geometry":{"type":"Point","coordinates":[92.05263411621407,25.30752034734662]},"id":"00000000000000000131","properties":{"class":1,"geom_type":"Point"}},{"type":"Feature","geometry":{"type":"Point","coordinates":[92.06362044433907,25.30658922521877]},"id":"00000000000000000132","properties":{"class":1,"geom_type":"Point"}},{"type":"Feature","geometry":{"type":"Point","coordinates":[92.01864516357735,25.31838291010245]},"id":"00000000000000000133","properties":{"class":1,"geom_type":"Point"}},{"type":"Feature","geometry":{"type":"Point","coordinates":[92.01864516357735,25.296812010932374]},"id":"00000000000000000134","properties":{"class":1,"geom_type":"Point"}},{"type":"Feature","geometry":{"type":"Point","coordinates":[90.89379431687581,25.405873881194236]},"id":"00000000000000000135","properties":{"class":1,"geom_type":"Point"}},{"type":"Feature","geometry":{"type":"Point","coordinates":[90.91782690964925,25.271206613260198]},"id":"00000000000000000136","properties":{"class":1,"geom_type":"Point"}},{"type":"Feature","geometry":{"type":"Point","coordinates":[90.74376227341878,25.312181177830105]},"id":"00000000000000000137","properties":{"class":1,"geom_type":"Point"}},{"type":"Feature","geometry":{"type":"Point","coordinates":[90.80075385056722,25.3447646889491]},"id":"00000000000000000138","properties":{"class":1,"geom_type":"Point"}},{"type":"Feature","geometry":{"type":"Point","coordinates":[90.84754142633999,25.233064222777077]},"id":"00000000000000000139","properties":{"class":1,"geom_type":"Point"}},{"type":"Feature","geometry":{"type":"Point","coordinates":[91.04323539606655,25.260080227347615]},"id":"0000000000000000013a","properties":{"class":1,"geom_type":"Point"}},{"type":"Feature","geometry":{"type":"Point","coordinates":[90.73424491755092,25.21132284810704]},"id":"0000000000000000013b","properties":{"class":1,"geom_type":"Point"}},{"type":"Feature","geometry":{"type":"Point","coordinates":[91.72122927272365,25.62320960474093]},"id":"0000000000000000013c","properties":{"class":1,"geom_type":"Point"}},{"type":"Feature","geometry":{"type":"Point","coordinates":[91.77350016200587,25.618333942985945]},"id":"0000000000000000013d","properties":{"class":1,"geom_type":"Point"}},{"type":"Feature","geometry":{"type":"Point","coordinates":[91.76317900586568,25.604558702873927]},"id":"0000000000000000013e","properties":{"class":1,"geom_type":"Point"}},{"type":"Feature","geometry":{"type":"Point","coordinates":[91.76279276776755,25.604907011166976]},"id":"0000000000000000013f","properties":{"class":1,"geom_type":"Point"}},{"type":"Feature","geometry":{"type":"Point","coordinates":[91.7622992413088,25.60421039356618]},"id":"00000000000000000140","properties":{"class":1,"geom_type":"Point"}},{"type":"Feature","geometry":{"type":"Point","coordinates":[91.78404987643499,25.632050321784426]},"id":"00000000000000000141","properties":{"class":1,"geom_type":"Point"}},{"type":"Feature","geometry":{"type":"Point","coordinates":[91.97540445339703,25.56117286412288]},"id":"00000000000000000142","properties":{"class":1,"geom_type":"Point"}},{"type":"Feature","geometry":{"type":"Point","coordinates":[91.92957086575055,25.541891237730976]},"id":"00000000000000000143","properties":{"class":1,"geom_type":"Point"}},{"type":"Feature","geometry":{"type":"Point","coordinates":[91.93755311977887,25.538561164880257]},"id":"00000000000000000144","properties":{"class":1,"geom_type":"Point"}},{"type":"Feature","geometry":{"type":"Point","coordinates":[91.92879838955426,25.534146739720427]},"id":"00000000000000000145","properties":{"class":1,"geom_type":"Point"}},{"type":"Feature","geometry":{"type":"Point","coordinates":[91.91188974392438,25.544214489599003]},"id":"00000000000000000146","properties":{"class":1,"geom_type":"Point"}},{"type":"Feature","geometry":{"type":"Point","coordinates":[91.35313250305455,25.674241133824186]},"id":"00000000000000000147","properties":{"class":1,"geom_type":"Point"}},{"type":"Feature","geometry":{"type":"Point","coordinates":[91.35828234436315,25.634318350250478]},"id":"00000000000000000148","properties":{"class":1,"geom_type":"Point"}},{"type":"Feature","geometry":{"type":"Point","coordinates":[91.38862971157538,25.63206887991706]},"id":"00000000000000000149","properties":{"class":1,"geom_type":"Point"}},{"type":"Feature","geometry":{"type":"Point","coordinates":[91.41806963772284,25.635086823124716]},"id":"0000000000000000014a","properties":{"class":1,"geom_type":"Point"}},{"type":"Feature","geometry":{"type":"Point","coordinates":[91.3954961666535,25.656055552285515]},"id":"0000000000000000014b","properties":{"class":1,"geom_type":"Point"}},{"type":"Feature","geometry":{"type":"Point","coordinates":[90.07394505291668,25.384019395362802]},"id":"0000000000000000014c","properties":{"class":1,"geom_type":"Point"}},{"type":"Feature","geometry":{"type":"Point","coordinates":[90.14295292645184,25.40045763711917]},"id":"0000000000000000014d","properties":{"class":1,"geom_type":"Point"}},{"type":"Feature","geometry":{"type":"Point","coordinates":[90.14106465130536,25.426506112425066]},"id":"0000000000000000014e","properties":{"class":1,"geom_type":"Point"}},{"type":"Feature","geometry":{"type":"Point","coordinates":[90.23871595241975,25.45340951253808]},"id":"0000000000000000014f","properties":{"class":1,"geom_type":"Point"}},{"type":"Feature","geometry":{"type":"Point","coordinates":[90.46258067967435,25.415607563338984]},"id":"00000000000000000150","properties":{"class":1,"geom_type":"Point"}},{"type":"Feature","geometry":{"type":"Point","coordinates":[90.45665836216946,25.41289419776441]},"id":"00000000000000000151","properties":{"class":1,"geom_type":"Point"}},{"type":"Feature","geometry":{"type":"Point","coordinates":[90.42464351536769,25.406847049139625]},"id":"00000000000000000152","properties":{"class":1,"geom_type":"Point"}},{"type":"Feature","geometry":{"type":"Point","coordinates":[90.39919902584661,25.394735147141912]},"id":"00000000000000000153","properties":{"class":1,"geom_type":"Point"}},{"type":"Feature","geometry":{"type":"Point","coordinates":[90.38958598873724,25.40659776677729]},"id":"00000000000000000154","properties":{"class":1,"geom_type":"Point"}},{"type":"Feature","geometry":{"type":"Point","coordinates":[90.82323226557953,25.651928444541856]},"id":"00000000000000000155","properties":{"class":1,"geom_type":"Point"}},{"type":"Feature","geometry":{"type":"Point","coordinates":[90.82593593226653,25.646937893726562]},"id":"00000000000000000156","properties":{"class":1,"geom_type":"Point"}},{"type":"Feature","geometry":{"type":"Point","coordinates":[90.80052196986469,25.64347169321899]},"id":"00000000000000000157","properties":{"class":1,"geom_type":"Point"}},{"type":"Feature","geometry":{"type":"Point","coordinates":[90.68902228737022,25.438103747737003]},"id":"00000000000000000158","properties":{"class":2,"geom_type":"Point"}},{"type":"Feature","geometry":{"type":"Point","coordinates":[90.68978403473045,25.437822775873677]},"id":"00000000000000000159","properties":{"class":2,"geom_type":"Point"}},{"type":"Feature","geometry":{"type":"Point","coordinates":[90.58822772725927,25.43359229554813]},"id":"0000000000000000015a","properties":{"class":2,"geom_type":"Point"}},{"type":"Feature","geometry":{"type":"Point","coordinates":[90.58812043889867,25.433747320032044]},"id":"0000000000000000015b","properties":{"class":2,"geom_type":"Point"}},{"type":"Feature","geometry":{"type":"Point","coordinates":[90.58812043889867,25.433631051687804]},"id":"0000000000000000015c","properties":{"class":2,"geom_type":"Point"}},{"type":"Feature","geometry":{"type":"Point","coordinates":[90.58813116773473,25.433456648961084]},"id":"0000000000000000015d","properties":{"class":2,"geom_type":"Point"}},{"type":"Feature","geometry":{"type":"Point","coordinates":[90.58828137143956,25.43355353939599]},"id":"0000000000000000015e","properties":{"class":2,"geom_type":"Point"}},{"type":"Feature","geometry":{"type":"Point","coordinates":[90.58828137143956,25.433621362654055]},"id":"0000000000000000015f","properties":{"class":2,"geom_type":"Point"}},{"type":"Feature","geometry":{"type":"Point","coordinates":[90.59097430929052,25.437816641390157]},"id":"00000000000000000160","properties":{"class":2,"geom_type":"Point"}},{"type":"Feature","geometry":{"type":"Point","coordinates":[90.59144637807714,25.437060920674273]},"id":"00000000000000000161","properties":{"class":2,"geom_type":"Point"}},{"type":"Feature","geometry":{"type":"Point","coordinates":[90.59234760030614,25.437080298187734]},"id":"00000000000000000162","properties":{"class":2,"geom_type":"Point"}},{"type":"Feature","geometry":{"type":"Point","coordinates":[90.58503053411351,25.43646021621044]},"id":"00000000000000000163","properties":{"class":2,"geom_type":"Point"}},{"type":"Feature","geometry":{"type":"Point","coordinates":[90.5850090764414,25.436072663353773]},"id":"00000000000000000164","properties":{"class":2,"geom_type":"Point"}},{"type":"Feature","geometry":{"type":"Point","coordinates":[90.58505199178563,25.435685109250354]},"id":"00000000000000000165","properties":{"class":2,"geom_type":"Point"}},{"type":"Feature","geometry":{"type":"Point","coordinates":[90.58520219549047,25.43551070949705]},"id":"00000000000000000166","properties":{"class":2,"geom_type":"Point"}},{"type":"Feature","geometry":{"type":"Point","coordinates":[90.5854596875559,25.435278176099935]},"id":"00000000000000000167","properties":{"class":2,"geom_type":"Point"}},{"type":"Feature","geometry":{"type":"Point","coordinates":[90.58548114522802,25.43496813087224]},"id":"00000000000000000168","properties":{"class":2,"geom_type":"Point"}},{"type":"Feature","geometry":{"type":"Point","coordinates":[90.58655402883397,25.43644083859723]},"id":"00000000000000000169","properties":{"class":2,"geom_type":"Point"}},{"type":"Feature","geometry":{"type":"Point","coordinates":[90.5867042325388,25.43661523700399]},"id":"0000000000000000016a","properties":{"class":2,"geom_type":"Point"}},{"type":"Feature","geometry":{"type":"Point","coordinates":[90.58706901296483,25.436828390269426]},"id":"0000000000000000016b","properties":{"class":2,"geom_type":"Point"}},{"type":"Feature","geometry":{"type":"Point","coordinates":[90.58576009496556,25.43640208336141]},"id":"0000000000000000016c","properties":{"class":2,"geom_type":"Point"}},{"type":"Feature","geometry":{"type":"Point","coordinates":[90.58610341771947,25.43673150246824]},"id":"0000000000000000016d","properties":{"class":2,"geom_type":"Point"}},{"type":"Feature","geometry":{"type":"Point","coordinates":[90.58621070608007,25.437215940694824]},"id":"0000000000000000016e","properties":{"class":2,"geom_type":"Point"}},{"type":"Feature","geometry":{"type":"Point","coordinates":[90.58644674047338,25.437274073151084]},"id":"0000000000000000016f","properties":{"class":2,"geom_type":"Point"}},{"type":"Feature","geometry":{"type":"Point","coordinates":[90.60075900777684,25.43758411244407]},"id":"00000000000000000170","properties":{"class":2,"geom_type":"Point"}},{"type":"Feature","geometry":{"type":"Point","coordinates":[90.60112378820287,25.438010415169018]},"id":"00000000000000000171","properties":{"class":2,"geom_type":"Point"}},{"type":"Feature","geometry":{"type":"Point","coordinates":[90.60080192312108,25.437448470351583]},"id":"00000000000000000172","properties":{"class":2,"geom_type":"Point"}},{"type":"Feature","geometry":{"type":"Point","coordinates":[90.60834656175348,25.300045529176238]},"id":"00000000000000000173","properties":{"class":2,"geom_type":"Point"}},{"type":"Feature","geometry":{"type":"Point","coordinates":[90.60963402208063,25.298338361186737]},"id":"00000000000000000174","properties":{"class":2,"geom_type":"Point"}},{"type":"Feature","geometry":{"type":"Point","coordinates":[90.61177978929254,25.29876515543816]},"id":"00000000000000000175","properties":{"class":2,"geom_type":"Point"}},{"type":"Feature","geometry":{"type":"Point","coordinates":[90.6154275935528,25.29965753856261]},"id":"00000000000000000176","properties":{"class":2,"geom_type":"Point"}},{"type":"Feature","geometry":{"type":"Point","coordinates":[90.6163288157818,25.302101858693778]},"id":"00000000000000000177","properties":{"class":2,"geom_type":"Point"}},{"type":"Feature","geometry":{"type":"Point","coordinates":[90.61989078935358,25.303149409373937]},"id":"00000000000000000178","properties":{"class":2,"geom_type":"Point"}},{"type":"Feature","geometry":{"type":"Point","coordinates":[90.62319527085992,25.30287782302998]},"id":"00000000000000000179","properties":{"class":2,"geom_type":"Point"}},{"type":"Feature","geometry":{"type":"Point","coordinates":[90.61873207505914,25.30454612952917]},"id":"0000000000000000017a","properties":{"class":2,"geom_type":"Point"}},{"type":"Feature","geometry":{"type":"Point","coordinates":[90.61748753007623,25.303188207373374]},"id":"0000000000000000017b","properties":{"class":2,"geom_type":"Point"}},{"type":"Feature","geometry":{"type":"Point","coordinates":[90.61748753007623,25.301093097629444]},"id":"0000000000000000017c","properties":{"class":2,"geom_type":"Point"}},{"type":"Feature","geometry":{"type":"Point","coordinates":[90.61637173112604,25.299308345948493]},"id":"0000000000000000017d","properties":{"class":2,"geom_type":"Point"}},{"type":"Feature","geometry":{"type":"Point","coordinates":[90.61517010148737,25.29779516632979]},"id":"0000000000000000017e","properties":{"class":2,"geom_type":"Point"}},{"type":"Feature","geometry":{"type":"Point","coordinates":[90.6131959956524,25.298415960253298]},"id":"0000000000000000017f","properties":{"class":2,"geom_type":"Point"}},{"type":"Feature","geometry":{"type":"Point","coordinates":[90.61392555650447,25.299502341969415]},"id":"00000000000000000180","properties":{"class":2,"geom_type":"Point"}},{"type":"Feature","geometry":{"type":"Point","coordinates":[90.61439762529108,25.301287090793842]},"id":"00000000000000000181","properties":{"class":2,"geom_type":"Point"}},{"type":"Feature","geometry":{"type":"Point","coordinates":[90.61182270463678,25.302412245024435]},"id":"00000000000000000182","properties":{"class":2,"geom_type":"Point"}},{"type":"Feature","geometry":{"type":"Point","coordinates":[90.6117368739483,25.30229585024358]},"id":"00000000000000000183","properties":{"class":2,"geom_type":"Point"}},{"type":"Feature","geometry":{"type":"Point","coordinates":[90.61165104325983,25.301248292185804]},"id":"00000000000000000184","properties":{"class":2,"geom_type":"Point"}},{"type":"Feature","geometry":{"type":"Point","coordinates":[90.61165104325983,25.30117069493247]},"id":"00000000000000000185","properties":{"class":2,"geom_type":"Point"}},{"type":"Feature","geometry":{"type":"Point","coordinates":[90.60976276811334,25.30035592077293]},"id":"00000000000000000186","properties":{"class":2,"geom_type":"Point"}},{"type":"Feature","geometry":{"type":"Point","coordinates":[90.6097198527691,25.30035592077293]},"id":"00000000000000000187","properties":{"class":2,"geom_type":"Point"}},{"type":"Feature","geometry":{"type":"Point","coordinates":[90.60834656175348,25.299230747453187]},"id":"00000000000000000188","properties":{"class":2,"geom_type":"Point"}},{"type":"Feature","geometry":{"type":"Point","coordinates":[90.60632954057428,25.29977393587709]},"id":"00000000000000000189","properties":{"class":2,"geom_type":"Point"}},{"type":"Feature","geometry":{"type":"Point","coordinates":[90.60555706437799,25.29957994029086]},"id":"0000000000000000018a","properties":{"class":2,"geom_type":"Point"}},{"type":"Feature","geometry":{"type":"Point","coordinates":[90.60555706437799,25.298493559270206]},"id":"0000000000000000018b","properties":{"class":2,"geom_type":"Point"}},{"type":"Feature","geometry":{"type":"Point","coordinates":[90.60577164109918,25.297717566865792]},"id":"0000000000000000018c","properties":{"class":2,"geom_type":"Point"}},{"type":"Feature","geometry":{"type":"Point","coordinates":[90.6044412654278,25.29709676936569]},"id":"0000000000000000018d","properties":{"class":2,"geom_type":"Point"}},{"type":"Feature","geometry":{"type":"Point","coordinates":[90.60289631303522,25.296786369423483]},"id":"0000000000000000018e","properties":{"class":2,"geom_type":"Point"}},{"type":"Feature","geometry":{"type":"Point","coordinates":[90.60684452470514,25.299114349617092]},"id":"0000000000000000018f","properties":{"class":2,"geom_type":"Point"}},{"type":"Feature","geometry":{"type":"Point","coordinates":[90.60838947709772,25.30183027000239]},"id":"00000000000000000190","properties":{"class":2,"geom_type":"Point"}},{"type":"Feature","geometry":{"type":"Point","coordinates":[90.6108356517193,25.298377160726226]},"id":"00000000000000000191","properties":{"class":2,"geom_type":"Point"}},{"type":"Feature","geometry":{"type":"Point","coordinates":[90.61062107499811,25.30093790287433]},"id":"00000000000000000192","properties":{"class":2,"geom_type":"Point"}},{"type":"Feature","geometry":{"type":"Point","coordinates":[90.6319070857403,25.301287090793842]},"id":"00000000000000000193","properties":{"class":2,"geom_type":"Point"}},{"type":"Feature","geometry":{"type":"Point","coordinates":[90.63409576829645,25.301287090793842]},"id":"00000000000000000194","properties":{"class":2,"geom_type":"Point"}},{"type":"Feature","geometry":{"type":"Point","coordinates":[90.63812981065485,25.30245104325987]},"id":"00000000000000000195","properties":{"class":2,"geom_type":"Point"}},{"type":"Feature","geometry":{"type":"Point","coordinates":[90.63722858842584,25.301558680702424]},"id":"00000000000000000196","properties":{"class":2,"geom_type":"Point"}},{"type":"Feature","geometry":{"type":"Point","coordinates":[90.63542614396783,25.301636277707367]},"id":"00000000000000000197","properties":{"class":2,"geom_type":"Point"}},{"type":"Feature","geometry":{"type":"Point","coordinates":[90.63534031327936,25.302683832411695]},"id":"00000000000000000198","properties":{"class":2,"geom_type":"Point"}},{"type":"Feature","geometry":{"type":"Point","coordinates":[90.63400993760797,25.30380897367541]},"id":"00000000000000000199","properties":{"class":2,"geom_type":"Point"}},{"type":"Feature","geometry":{"type":"Point","coordinates":[90.63242206987115,25.304196950999494]},"id":"0000000000000000019a","properties":{"class":2,"geom_type":"Point"}},{"type":"Feature","geometry":{"type":"Point","coordinates":[90.63207874711725,25.303459793021783]},"id":"0000000000000000019b","properties":{"class":2,"geom_type":"Point"}},{"type":"Feature","geometry":{"type":"Point","coordinates":[90.63117752488824,25.303459793021783]},"id":"0000000000000000019c","properties":{"class":2,"geom_type":"Point"}},{"type":"Feature","geometry":{"type":"Point","coordinates":[90.63019047197076,25.303731378061567]},"id":"0000000000000000019d","properties":{"class":2,"geom_type":"Point"}},{"type":"Feature","geometry":{"type":"Point","coordinates":[90.62907467302057,25.304002962492717]},"id":"0000000000000000019e","properties":{"class":2,"geom_type":"Point"}},{"type":"Feature","geometry":{"type":"Point","coordinates":[90.62920341905328,25.302916621116385]},"id":"0000000000000000019f","properties":{"class":2,"geom_type":"Point"}},{"type":"Feature","geometry":{"type":"Point","coordinates":[90.63061962541315,25.303731378061567]},"id":"000000000000000001a0","properties":{"class":2,"geom_type":"Point"}},{"type":"Feature","geometry":{"type":"Point","coordinates":[90.63186417039606,25.30326580333502]},"id":"000000000000000001a1","properties":{"class":2,"geom_type":"Point"}},{"type":"Feature","geometry":{"type":"Point","coordinates":[90.63293705400201,25.302218253660907]},"id":"000000000000000001a2","properties":{"class":2,"geom_type":"Point"}},{"type":"Feature","geometry":{"type":"Point","coordinates":[90.63276539262506,25.301364687972683]},"id":"000000000000000001a3","properties":{"class":2,"geom_type":"Point"}},{"type":"Feature","geometry":{"type":"Point","coordinates":[90.63040504869196,25.30054991511722]},"id":"000000000000000001a4","properties":{"class":2,"geom_type":"Point"}},{"type":"Feature","geometry":{"type":"Point","coordinates":[90.63040504869196,25.301481083647786]},"id":"000000000000000001a5","properties":{"class":2,"geom_type":"Point"}},{"type":"Feature","geometry":{"type":"Point","coordinates":[90.63092003282281,25.301131896287146]},"id":"000000000000000001a6","properties":{"class":2,"geom_type":"Point"}},{"type":"Feature","geometry":{"type":"Point","coordinates":[90.63092003282281,25.300588713948823]},"id":"000000000000000001a7","properties":{"class":2,"geom_type":"Point"}},{"type":"Feature","geometry":{"type":"Point","coordinates":[90.62177906450006,25.302257051958453]},"id":"000000000000000001a8","properties":{"class":2,"geom_type":"Point"}},{"type":"Feature","geometry":{"type":"Point","coordinates":[90.62109241899225,25.30349859092187]},"id":"000000000000000001a9","properties":{"class":2,"geom_type":"Point"}},{"type":"Feature","geometry":{"type":"Point","coordinates":[90.62448273118707,25.303071813337766]},"id":"000000000000000001aa","properties":{"class":2,"geom_type":"Point"}},{"type":"Feature","geometry":{"type":"Point","coordinates":[90.6247402232525,25.301519882181296]},"id":"000000000000000001ab","properties":{"class":2,"geom_type":"Point"}},{"type":"Feature","geometry":{"type":"Point","coordinates":[90.62298069413873,25.301907866833446]},"id":"000000000000000001ac","properties":{"class":2,"geom_type":"Point"}},{"type":"Feature","geometry":{"type":"Point","coordinates":[90.62675724443172,25.30458492708147]},"id":"000000000000000001ad","properties":{"class":2,"geom_type":"Point"}},{"type":"Feature","geometry":{"type":"Point","coordinates":[90.62572727616998,25.302955419190376]},"id":"000000000000000001ae","properties":{"class":2,"geom_type":"Point"}},{"type":"Feature","geometry":{"type":"Point","coordinates":[90.62705765184137,25.302373446776578]},"id":"000000000000000001af","properties":{"class":2,"geom_type":"Point"}},{"type":"Feature","geometry":{"type":"Point","coordinates":[90.62705765184137,25.303498590921865]},"id":"000000000000000001b0","properties":{"class":2,"geom_type":"Point"}},{"type":"Feature","geometry":{"type":"Point","coordinates":[90.6252981227276,25.304080557932696]},"id":"000000000000000001b1","properties":{"class":2,"geom_type":"Point"}},{"type":"Feature","geometry":{"type":"Point","coordinates":[90.61847458299371,25.30349859092187]},"id":"000000000000000001b2","properties":{"class":2,"geom_type":"Point"}},{"type":"Feature","geometry":{"type":"Point","coordinates":[90.61645756181451,25.30827063790819]},"id":"000000000000000001b3","properties":{"class":2,"geom_type":"Point"}},{"type":"Feature","geometry":{"type":"Point","coordinates":[90.616543392503,25.305671253502968]},"id":"000000000000000001b4","properties":{"class":2,"geom_type":"Point"}},{"type":"Feature","geometry":{"type":"Point","coordinates":[90.61504135545465,25.30427454631526]},"id":"000000000000000001b5","properties":{"class":2,"geom_type":"Point"}},{"type":"Feature","geometry":{"type":"Point","coordinates":[90.61383972581598,25.30353738880955]},"id":"000000000000000001b6","properties":{"class":2,"geom_type":"Point"}},{"type":"Feature","geometry":{"type":"Point","coordinates":[90.61280975755426,25.30167507619119]},"id":"000000000000000001b7","properties":{"class":2,"geom_type":"Point"}},{"type":"Feature","geometry":{"type":"Point","coordinates":[90.6126380961773,25.300472317416748]},"id":"000000000000000001b8","properties":{"class":2,"geom_type":"Point"}},{"type":"Feature","geometry":{"type":"Point","coordinates":[90.61113605912897,25.300317121866804]},"id":"000000000000000001b9","properties":{"class":2,"geom_type":"Point"}},{"type":"Feature","geometry":{"type":"Point","coordinates":[90.61002026017877,25.300006730170754]},"id":"000000000000000001ba","properties":{"class":2,"geom_type":"Point"}},{"type":"Feature","geometry":{"type":"Point","coordinates":[90.61358223375056,25.300976701581735]},"id":"000000000000000001bb","properties":{"class":2,"geom_type":"Point"}},{"type":"Feature","geometry":{"type":"Point","coordinates":[90.61662922319147,25.30109309762944]},"id":"000000000000000001bc","properties":{"class":2,"geom_type":"Point"}},{"type":"Feature","geometry":{"type":"Point","coordinates":[90.6154275935528,25.30109309762944]},"id":"000000000000000001bd","properties":{"class":2,"geom_type":"Point"}},{"type":"Feature","geometry":{"type":"Point","coordinates":[90.61409721788141,25.298260762070456]},"id":"000000000000000001be","properties":{"class":2,"geom_type":"Point"}},{"type":"Feature","geometry":{"type":"Point","coordinates":[90.60877571519586,25.29814436330295]},"id":"000000000000000001bf","properties":{"class":2,"geom_type":"Point"}},{"type":"Feature","geometry":{"type":"Point","coordinates":[90.60778866227838,25.29857115823743]},"id":"000000000000000001c0","properties":{"class":2,"geom_type":"Point"}},{"type":"Feature","geometry":{"type":"Point","coordinates":[90.6102777522442,25.302451043259868]},"id":"000000000000000001c1","properties":{"class":2,"geom_type":"Point"}},{"type":"Feature","geometry":{"type":"Point","coordinates":[90.60856113847467,25.301481083647786]},"id":"000000000000000001c2","properties":{"class":2,"geom_type":"Point"}},{"type":"Feature","geometry":{"type":"Point","coordinates":[90.60980568345758,25.302334648516293]},"id":"000000000000000001c3","properties":{"class":2,"geom_type":"Point"}},{"type":"Feature","geometry":{"type":"Point","coordinates":[90.60907612260553,25.303110611362058]},"id":"000000000000000001c4","properties":{"class":2,"geom_type":"Point"}},{"type":"Feature","geometry":{"type":"Point","coordinates":[90.60959110673639,25.302334648516293]},"id":"000000000000000001c5","properties":{"class":2,"geom_type":"Point"}},{"type":"Feature","geometry":{"type":"Point","coordinates":[90.6351322727816,25.312101781763715]},"id":"000000000000000001c6","properties":{"class":2,"geom_type":"Point"}},{"type":"Feature","geometry":{"type":"Point","coordinates":[90.63517518812584,25.311539250938875]},"id":"000000000000000001c7","properties":{"class":2,"geom_type":"Point"}},{"type":"Feature","geometry":{"type":"Point","coordinates":[90.48002049224249,25.502389724179192]},"id":"000000000000000001c8","properties":{"class":2,"geom_type":"Point"}},{"type":"Feature","geometry":{"type":"Point","coordinates":[90.45422837035528,25.5144353901609]},"id":"000000000000000001c9","properties":{"class":2,"geom_type":"Point"}},{"type":"Feature","geometry":{"type":"Point","coordinates":[90.47903343932501,25.515209989704474]},"id":"000000000000000001ca","properties":{"class":2,"geom_type":"Point"}},{"type":"Feature","geometry":{"type":"Point","coordinates":[90.48778816954962,25.512653792242812]},"id":"000000000000000001cb","properties":{"class":2,"geom_type":"Point"}},{"type":"Feature","geometry":{"type":"Point","coordinates":[90.49697205321661,25.514357929931663]},"id":"000000000000000001cc","properties":{"class":2,"geom_type":"Point"}},{"type":"Feature","geometry":{"type":"Point","coordinates":[91.26995335043623,25.465456053506944]},"id":"000000000000000001cd","properties":{"class":2,"geom_type":"Point"}},{"type":"Feature","geometry":{"type":"Point","coordinates":[91.27493153036787,25.46258882347207]},"id":"000000000000000001ce","properties":{"class":2,"geom_type":"Point"}},{"type":"Feature","geometry":{"type":"Point","coordinates":[91.27647648276044,25.471422772614666]},"id":"000000000000000001cf","properties":{"class":2,"geom_type":"Point"}},{"type":"Feature","geometry":{"type":"Point","coordinates":[91.27544651449873,25.47297252136407]},"id":"000000000000000001d0","properties":{"class":2,"geom_type":"Point"}},{"type":"Feature","geometry":{"type":"Point","coordinates":[91.2448049587126,25.472430111573228]},"id":"000000000000000001d1","properties":{"class":2,"geom_type":"Point"}},{"type":"Feature","geometry":{"type":"Point","coordinates":[91.24265919150068,25.472352624260576]},"id":"000000000000000001d2","properties":{"class":2,"geom_type":"Point"}},{"type":"Feature","geometry":{"type":"Point","coordinates":[91.24231586874677,25.45483921124946]},"id":"000000000000000001d3","properties":{"class":2,"geom_type":"Point"}},{"type":"Feature","geometry":{"type":"Point","coordinates":[91.26892287246923,25.460379563703434]},"id":"000000000000000001d4","properties":{"class":2,"geom_type":"Point"}},{"type":"Feature","geometry":{"type":"Point","coordinates":[91.26398760788183,25.458849026737646]},"id":"000000000000000001d5","properties":{"class":2,"geom_type":"Point"}},{"type":"Feature","geometry":{"type":"Point","coordinates":[91.26315075866918,25.45824843096484]},"id":"000000000000000001d6","properties":{"class":2,"geom_type":"Point"}},{"type":"Feature","geometry":{"type":"Point","coordinates":[91.2633867930625,25.457628457991024]},"id":"000000000000000001d7","properties":{"class":2,"geom_type":"Point"}},{"type":"Feature","geometry":{"type":"Point","coordinates":[91.26739937774877,25.457027856127045]},"id":"000000000000000001d8","properties":{"class":2,"geom_type":"Point"}},{"type":"Feature","geometry":{"type":"Point","coordinates":[91.26624066345434,25.45892652274808]},"id":"000000000000000001d9","properties":{"class":2,"geom_type":"Point"}},{"type":"Feature","geometry":{"type":"Point","coordinates":[91.27402979843359,25.457550961144726]},"id":"000000000000000001da","properties":{"class":2,"geom_type":"Point"}},{"type":"Feature","geometry":{"type":"Point","coordinates":[91.27338606827001,25.458674660531738]},"id":"000000000000000001db","properties":{"class":2,"geom_type":"Point"}},{"type":"Feature","geometry":{"type":"Point","coordinates":[91.27357918731909,25.460088956915914]},"id":"000000000000000001dc","properties":{"class":2,"geom_type":"Point"}},{"type":"Feature","geometry":{"type":"Point","coordinates":[91.27364356033544,25.461522610258584]},"id":"000000000000000001dd","properties":{"class":2,"geom_type":"Point"}},{"type":"Feature","geometry":{"type":"Point","coordinates":[91.27366501800756,25.46191008120296]},"id":"000000000000000001de","properties":{"class":2,"geom_type":"Point"}},{"type":"Feature","geometry":{"type":"Point","coordinates":[91.27696949951391,25.45979834942664]},"id":"000000000000000001df","properties":{"class":2,"geom_type":"Point"}},{"type":"Feature","geometry":{"type":"Point","coordinates":[91.27701241485815,25.46047643247663]},"id":"000000000000000001e0","properties":{"class":2,"geom_type":"Point"}},{"type":"Feature","geometry":{"type":"Point","coordinates":[91.27699095718603,25.461154511705757]},"id":"000000000000000001e1","properties":{"class":2,"geom_type":"Point"}},{"type":"Feature","geometry":{"type":"Point","coordinates":[91.27711970321874,25.461677598786043]},"id":"000000000000000001e2","properties":{"class":2,"geom_type":"Point"}},{"type":"Feature","geometry":{"type":"Point","coordinates":[91.27744156830053,25.463033739885923]},"id":"000000000000000001e3","properties":{"class":2,"geom_type":"Point"}},{"type":"Feature","geometry":{"type":"Point","coordinates":[91.27726990692358,25.462762512888688]},"id":"000000000000000001e4","properties":{"class":2,"geom_type":"Point"}},{"type":"Feature","geometry":{"type":"Point","coordinates":[91.27724844925146,25.462142563170705]},"id":"000000000000000001e5","properties":{"class":2,"geom_type":"Point"}},{"type":"Feature","geometry":{"type":"Point","coordinates":[91.27722906035638,25.452636493687844]},"id":"000000000000000001e6","properties":{"class":2,"geom_type":"Point"}},{"type":"Feature","geometry":{"type":"Point","coordinates":[91.27722906035638,25.45222961781408]},"id":"000000000000000001e7","properties":{"class":2,"geom_type":"Point"}},{"type":"Feature","geometry":{"type":"Point","coordinates":[91.27722906035638,25.451590238662583]},"id":"000000000000000001e8","properties":{"class":2,"geom_type":"Point"}},{"type":"Feature","geometry":{"type":"Point","coordinates":[91.27722906035638,25.450815229077733]},"id":"000000000000000001e9","properties":{"class":2,"geom_type":"Point"}},{"type":"Feature","geometry":{"type":"Point","coordinates":[91.27737926406121,25.450350220932]},"id":"000000000000000001ea","properties":{"class":2,"geom_type":"Point"}},{"type":"Feature","geometry":{"type":"Point","coordinates":[91.27744363707757,25.450117716185595]},"id":"000000000000000001eb","properties":{"class":2,"geom_type":"Point"}},{"type":"Feature","geometry":{"type":"Point","coordinates":[91.27774404448724,25.449536452355147]},"id":"000000000000000001ec","properties":{"class":2,"geom_type":"Point"}},{"type":"Feature","geometry":{"type":"Point","coordinates":[91.27776550215935,25.449110190429234]},"id":"000000000000000001ed","properties":{"class":2,"geom_type":"Point"}},{"type":"Feature","geometry":{"type":"Point","coordinates":[91.27795862120843,25.448916434509478]},"id":"000000000000000001ee","properties":{"class":2,"geom_type":"Point"}},{"type":"Feature","geometry":{"type":"Point","coordinates":[91.27836631697869,25.448160783443107]},"id":"000000000000000001ef","properties":{"class":2,"geom_type":"Point"}},{"type":"Feature","geometry":{"type":"Point","coordinates":[91.27918170851922,25.447850771377272]},"id":"000000000000000001f0","properties":{"class":2,"geom_type":"Point"}},{"type":"Feature","geometry":{"type":"Point","coordinates":[91.27699302596308,25.45004021450368]},"id":"000000000000000001f1","properties":{"class":2,"geom_type":"Point"}},{"type":"Feature","geometry":{"type":"Point","coordinates":[91.27643512648797,25.451086482999962]},"id":"000000000000000001f2","properties":{"class":2,"geom_type":"Point"}},{"type":"Feature","geometry":{"type":"Point","coordinates":[91.2765853301928,25.451667739346675]},"id":"000000000000000001f3","properties":{"class":2,"geom_type":"Point"}},{"type":"Feature","geometry":{"type":"Point","coordinates":[91.27630638045525,25.452210242738182]},"id":"000000000000000001f4","properties":{"class":2,"geom_type":"Point"}},{"type":"Feature","geometry":{"type":"Point","coordinates":[91.27581285399651,25.45226836795655]},"id":"000000000000000001f5","properties":{"class":2,"geom_type":"Point"}},{"type":"Feature","geometry":{"type":"Point","coordinates":[91.27585576934075,25.451919616225346]},"id":"000000000000000001f6","properties":{"class":2,"geom_type":"Point"}},{"type":"Feature","geometry":{"type":"Point","coordinates":[91.27132820052361,25.4497302072771]},"id":"000000000000000001f7","properties":{"class":2,"geom_type":"Point"}},{"type":"Feature","geometry":{"type":"Point","coordinates":[91.27152131957268,25.449284570490434]},"id":"000000000000000001f8","properties":{"class":2,"geom_type":"Point"}},{"type":"Feature","geometry":{"type":"Point","coordinates":[91.266714801018,25.44847079471072]},"id":"000000000000000001f9","properties":{"class":2,"geom_type":"Point"}},{"type":"Feature","geometry":{"type":"Point","coordinates":[91.26630710524773,25.447153241310733]},"id":"000000000000000001fa","properties":{"class":2,"geom_type":"Point"}},{"type":"Feature","geometry":{"type":"Point","coordinates":[91.26437591475701,25.445874425693876]},"id":"000000000000000001fb","properties":{"class":2,"geom_type":"Point"}},{"type":"Feature","geometry":{"type":"Point","coordinates":[91.26429008406853,25.447908898700398]},"id":"000000000000000001fc","properties":{"class":2,"geom_type":"Point"}},{"type":"Feature","geometry":{"type":"Point","coordinates":[91.26341031951165,25.448141407712377]},"id":"000000000000000001fd","properties":{"class":2,"geom_type":"Point"}},{"type":"Feature","geometry":{"type":"Point","coordinates":[91.26068519515252,25.448625800045207]},"id":"000000000000000001fe","properties":{"class":2,"geom_type":"Point"}},{"type":"Feature","geometry":{"type":"Point","coordinates":[91.2606637374804,25.447172617200483]},"id":"000000000000000001ff","properties":{"class":2,"geom_type":"Point"}},{"type":"Feature","geometry":{"type":"Point","coordinates":[91.25963376921868,25.446591339151805]},"id":"00000000000000000200","properties":{"class":2,"geom_type":"Point"}},{"type":"Feature","geometry":{"type":"Point","coordinates":[91.26057790679192,25.44597130614032]},"id":"00000000000000000201","properties":{"class":2,"geom_type":"Point"}},{"type":"Feature","geometry":{"type":"Point","coordinates":[91.26195119780755,25.446087562573172]},"id":"00000000000000000202","properties":{"class":2,"geom_type":"Point"}},{"type":"Feature","geometry":{"type":"Point","coordinates":[91.2626807586596,25.44521563659095]},"id":"00000000000000000203","properties":{"class":2,"geom_type":"Point"}},{"type":"Feature","geometry":{"type":"Point","coordinates":[91.26308845442986,25.445467526967644]},"id":"00000000000000000204","properties":{"class":2,"geom_type":"Point"}},{"type":"Feature","geometry":{"type":"Point","coordinates":[91.26141475600457,25.445467526967644]},"id":"00000000000000000205","properties":{"class":2,"geom_type":"Point"}},{"type":"Feature","geometry":{"type":"Point","coordinates":[91.26047061843133,25.44542877463629]},"id":"00000000000000000206","properties":{"class":2,"geom_type":"Point"}},{"type":"Feature","geometry":{"type":"Point","coordinates":[91.25916170043206,25.44593255397109]},"id":"00000000000000000207","properties":{"class":2,"geom_type":"Point"}},{"type":"Feature","geometry":{"type":"Point","coordinates":[90.97352193979796,25.393412417637467]},"id":"00000000000000000208","properties":{"class":2,"geom_type":"Point"}},{"type":"Feature","geometry":{"type":"Point","coordinates":[90.9761397757965,25.392617649265294]},"id":"00000000000000000209","properties":{"class":2,"geom_type":"Point"}},{"type":"Feature","geometry":{"type":"Point","coordinates":[90.96901582865294,25.395001938682018]},"id":"0000000000000000020a","properties":{"class":2,"geom_type":"Point"}},{"type":"Feature","geometry":{"type":"Point","coordinates":[91.0489115368093,25.391158851625754]},"id":"0000000000000000020b","properties":{"class":2,"geom_type":"Point"}},{"type":"Feature","geometry":{"type":"Point","coordinates":[91.08412489355268,25.379902939599155]},"id":"0000000000000000020c","properties":{"class":2,"geom_type":"Point"}},{"type":"Feature","geometry":{"type":"Point","coordinates":[91.2627745872638,25.370372958468696]},"id":"0000000000000000020d","properties":{"class":2,"geom_type":"Point"}},{"type":"Feature","geometry":{"type":"Point","coordinates":[91.26339685975526,25.370431123142296]},"id":"0000000000000000020e","properties":{"class":2,"geom_type":"Point"}},{"type":"Feature","geometry":{"type":"Point","coordinates":[91.26099360047792,25.372970953249347]},"id":"0000000000000000020f","properties":{"class":2,"geom_type":"Point"}},{"type":"Feature","geometry":{"type":"Point","coordinates":[91.25719559251283,25.370431123142296]},"id":"00000000000000000210","properties":{"class":2,"geom_type":"Point"}},{"type":"Feature","geometry":{"type":"Point","coordinates":[91.2552644020221,25.373339321121367]},"id":"00000000000000000211","properties":{"class":2,"geom_type":"Point"}},{"type":"Feature","geometry":{"type":"Point","coordinates":[91.25324738084291,25.36911271699847]},"id":"00000000000000000212","properties":{"class":2,"geom_type":"Point"}},{"type":"Feature","geometry":{"type":"Point","coordinates":[91.27110839096494,25.37271293417286]},"id":"00000000000000000213","properties":{"class":2,"geom_type":"Point"}},{"type":"Feature","geometry":{"type":"Point","coordinates":[91.27840399948545,25.373779261420587]},"id":"00000000000000000214","properties":{"class":2,"geom_type":"Point"}},{"type":"Feature","geometry":{"type":"Point","coordinates":[91.28147244659849,25.373585384439245]},"id":"00000000000000000215","properties":{"class":2,"geom_type":"Point"}},{"type":"Feature","geometry":{"type":"Point","coordinates":[91.27972881245833,25.38584390658999]},"id":"00000000000000000216","properties":{"class":2,"geom_type":"Point"}},{"type":"Feature","geometry":{"type":"Point","coordinates":[91.29057067011601,25.392906252897546]},"id":"00000000000000000217","properties":{"class":2,"geom_type":"Point"}},{"type":"Feature","geometry":{"type":"Point","coordinates":[91.28443377588994,25.393778557281603]},"id":"00000000000000000218","properties":{"class":2,"geom_type":"Point"}},{"type":"Feature","geometry":{"type":"Point","coordinates":[91.27999203776128,25.392712406622756]},"id":"00000000000000000219","properties":{"class":2,"geom_type":"Point"}},{"type":"Feature","geometry":{"type":"Point","coordinates":[91.31156838702933,25.399062961784775]},"id":"0000000000000000021a","properties":{"class":2,"geom_type":"Point"}},{"type":"Feature","geometry":{"type":"Point","coordinates":[91.3057319002129,25.40088500859512]},"id":"0000000000000000021b","properties":{"class":2,"geom_type":"Point"}},{"type":"Feature","geometry":{"type":"Point","coordinates":[91.33387384745382,25.40493857668394]},"id":"0000000000000000021c","properties":{"class":2,"geom_type":"Point"}},{"type":"Feature","geometry":{"type":"Point","coordinates":[91.33488235804342,25.405016107375538]},"id":"0000000000000000021d","properties":{"class":2,"geom_type":"Point"}},{"type":"Feature","geometry":{"type":"Point","coordinates":[91.36089175273632,25.420082940560842]},"id":"0000000000000000021e","properties":{"class":2,"geom_type":"Point"}},{"type":"Feature","geometry":{"type":"Point","coordinates":[91.35921805431103,25.41748595972963]},"id":"0000000000000000021f","properties":{"class":2,"geom_type":"Point"}},{"type":"Feature","geometry":{"type":"Point","coordinates":[91.35149329234814,25.42248606701656]},"id":"00000000000000000220","properties":{"class":2,"geom_type":"Point"}},{"type":"Feature","geometry":{"type":"Point","coordinates":[91.3448414139912,25.4263619764777]},"id":"00000000000000000221","properties":{"class":2,"geom_type":"Point"}},{"type":"Feature","geometry":{"type":"Point","coordinates":[91.34419768382764,25.427253418023483]},"id":"00000000000000000222","properties":{"class":2,"geom_type":"Point"}},{"type":"Feature","geometry":{"type":"Point","coordinates":[91.3344129853413,25.423881408780606]},"id":"00000000000000000223","properties":{"class":2,"geom_type":"Point"}},{"type":"Feature","geometry":{"type":"Point","coordinates":[91.3263449006245,25.424734109684774]},"id":"00000000000000000224","properties":{"class":2,"geom_type":"Point"}},{"type":"Feature","geometry":{"type":"Point","coordinates":[91.3239845566914,25.424269000848504]},"id":"00000000000000000225","properties":{"class":2,"geom_type":"Point"}},{"type":"Feature","geometry":{"type":"Point","coordinates":[91.32441371013378,25.42330001834187]},"id":"00000000000000000226","properties":{"class":2,"geom_type":"Point"}},{"type":"Feature","geometry":{"type":"Point","coordinates":[91.39501611235407,25.43546074184263]},"id":"00000000000000000227","properties":{"class":2,"geom_type":"Point"}},{"type":"Feature","geometry":{"type":"Point","coordinates":[91.38072025877084,25.43515663546994]},"id":"00000000000000000228","properties":{"class":2,"geom_type":"Point"}},{"type":"Feature","geometry":{"type":"Point","coordinates":[91.3831863475688,25.434242423830387]},"id":"00000000000000000229","properties":{"class":2,"geom_type":"Point"}},{"type":"Feature","geometry":{"type":"Point","coordinates":[91.38557100306207,25.431648802819705]},"id":"0000000000000000022a","properties":{"class":2,"geom_type":"Point"}},{"type":"Feature","geometry":{"type":"Point","coordinates":[91.38556027422601,25.43089304341385]},"id":"0000000000000000022b","properties":{"class":2,"geom_type":"Point"}},{"type":"Feature","geometry":{"type":"Point","coordinates":[91.38905699644499,25.43055292310446]},"id":"0000000000000000022c","properties":{"class":2,"geom_type":"Point"}},{"type":"Feature","geometry":{"type":"Point","coordinates":[91.391997715612,25.43203144880938]},"id":"0000000000000000022d","properties":{"class":2,"geom_type":"Point"}},{"type":"Feature","geometry":{"type":"Point","coordinates":[91.39159001984174,25.432641864468923]},"id":"0000000000000000022e","properties":{"class":2,"geom_type":"Point"}},{"type":"Feature","geometry":{"type":"Point","coordinates":[91.39952598267126,25.434654566020193]},"id":"0000000000000000022f","properties":{"class":2,"geom_type":"Point"}},{"type":"Feature","geometry":{"type":"Point","coordinates":[91.39924703293372,25.433443441051484]},"id":"00000000000000000230","properties":{"class":2,"geom_type":"Point"}},{"type":"Feature","geometry":{"type":"Point","coordinates":[91.39957962685158,25.43293960947869]},"id":"00000000000000000231","properties":{"class":2,"geom_type":"Point"}},{"type":"Feature","geometry":{"type":"Point","coordinates":[91.39878569298315,25.43277489485369]},"id":"00000000000000000232","properties":{"class":2,"geom_type":"Point"}},{"type":"Feature","geometry":{"type":"Point","coordinates":[91.39887152367163,25.432193547318516]},"id":"00000000000000000233","properties":{"class":2,"geom_type":"Point"}},{"type":"Feature","geometry":{"type":"Point","coordinates":[91.48606682436862,25.431156592963212]},"id":"00000000000000000234","properties":{"class":2,"geom_type":"Point"}},{"type":"Feature","geometry":{"type":"Point","coordinates":[92.13447799989098,25.80923297863621]},"id":"00000000000000000235","properties":{"class":2,"geom_type":"Point"}},{"type":"Feature","geometry":{"type":"Point","coordinates":[92.13795414277428,25.8101602025181]},"id":"00000000000000000236","properties":{"class":2,"geom_type":"Point"}},{"type":"Feature","geometry":{"type":"Point","coordinates":[92.12975731202476,25.809812494412817]},"id":"00000000000000000237","properties":{"class":2,"geom_type":"Point"}},{"type":"Feature","geometry":{"type":"Point","coordinates":[92.13005771943443,25.805949002358382]},"id":"00000000000000000238","properties":{"class":2,"geom_type":"Point"}},{"type":"Feature","geometry":{"type":"Point","coordinates":[92.13074436494225,25.803167210073628]},"id":"00000000000000000239","properties":{"class":2,"geom_type":"Point"}},{"type":"Feature","geometry":{"type":"Point","coordinates":[92.13662376710289,25.804364934201732]},"id":"0000000000000000023a","properties":{"class":2,"geom_type":"Point"}},{"type":"Feature","geometry":{"type":"Point","coordinates":[92.13344803162926,25.803360392203412]},"id":"0000000000000000023b","properties":{"class":2,"geom_type":"Point"}},{"type":"Feature","geometry":{"type":"Point","coordinates":[92.11508026429527,25.80208538432724]},"id":"0000000000000000023c","properties":{"class":2,"geom_type":"Point"}},{"type":"Feature","geometry":{"type":"Point","coordinates":[92.11739769288414,25.798028449826827]},"id":"0000000000000000023d","properties":{"class":2,"geom_type":"Point"}},{"type":"Feature","geometry":{"type":"Point","coordinates":[92.11314907380455,25.79899439920815]},"id":"0000000000000000023e","properties":{"class":2,"geom_type":"Point"}},{"type":"Feature","geometry":{"type":"Point","coordinates":[92.07906621956725,25.803894034336736]},"id":"0000000000000000023f","properties":{"class":2,"geom_type":"Point"}},{"type":"Feature","geometry":{"type":"Point","coordinates":[92.07704919838807,25.80455084826457]},"id":"00000000000000000240","properties":{"class":2,"geom_type":"Point"}},{"type":"Feature","geometry":{"type":"Point","coordinates":[92.07178442696991,25.798885186993658]},"id":"00000000000000000241","properties":{"class":2,"geom_type":"Point"}},{"type":"Feature","geometry":{"type":"Point","coordinates":[92.04533614290379,25.79560476280947]},"id":"00000000000000000242","properties":{"class":2,"geom_type":"Point"}},{"type":"Feature","geometry":{"type":"Point","coordinates":[92.04723738684235,25.793017007146375]},"id":"00000000000000000243","properties":{"class":2,"geom_type":"Point"}},{"type":"Feature","geometry":{"type":"Point","coordinates":[92.0403702044255,25.79274736325713]},"id":"00000000000000000244","properties":{"class":2,"geom_type":"Point"}},{"type":"Feature","geometry":{"type":"Point","coordinates":[92.03775236842695,25.793008181984813]},"id":"00000000000000000245","properties":{"class":2,"geom_type":"Point"}},{"type":"Feature","geometry":{"type":"Point","coordinates":[92.00653795813686,25.777796275182187]},"id":"00000000000000000246","properties":{"class":2,"geom_type":"Point"}},{"type":"Feature","geometry":{"type":"Point","coordinates":[92.0378858550607,25.766546706209382]},"id":"00000000000000000247","properties":{"class":2,"geom_type":"Point"}},{"type":"Feature","geometry":{"type":"Point","coordinates":[91.99760949658094,25.739950285967545]},"id":"00000000000000000248","properties":{"class":2,"geom_type":"Point"}},{"type":"Feature","geometry":{"type":"Point","coordinates":[92.06375981663615,25.735327295266615]},"id":"00000000000000000249","properties":{"class":2,"geom_type":"Point"}},{"type":"Feature","geometry":{"type":"Point","coordinates":[92.05818082188517,25.73289178177259]},"id":"0000000000000000024a","properties":{"class":2,"geom_type":"Point"}},{"type":"Feature","geometry":{"type":"Point","coordinates":[92.05882455204875,25.73200261361849]},"id":"0000000000000000024b","properties":{"class":2,"geom_type":"Point"}},{"type":"Feature","geometry":{"type":"Point","coordinates":[92.0628156790629,25.734399486486215]},"id":"0000000000000000024c","properties":{"class":2,"geom_type":"Point"}},{"type":"Feature","geometry":{"type":"Point","coordinates":[92.05414677952676,25.739734288070874]},"id":"0000000000000000024d","properties":{"class":2,"geom_type":"Point"}},{"type":"Feature","geometry":{"type":"Point","coordinates":[92.08122636174112,25.746692365030842]},"id":"0000000000000000024e","properties":{"class":2,"geom_type":"Point"}},{"type":"Feature","geometry":{"type":"Point","coordinates":[92.07787896489053,25.743677248374873]},"id":"0000000000000000024f","properties":{"class":2,"geom_type":"Point"}},{"type":"Feature","geometry":{"type":"Point","coordinates":[92.09255601262002,25.748122585918175]},"id":"00000000000000000250","properties":{"class":2,"geom_type":"Point"}},{"type":"Feature","geometry":{"type":"Point","coordinates":[92.03206995953788,25.71252784249878]},"id":"00000000000000000251","properties":{"class":2,"geom_type":"Point"}},{"type":"Feature","geometry":{"type":"Point","coordinates":[92.02795008649102,25.70881585240471]},"id":"00000000000000000252","properties":{"class":2,"geom_type":"Point"}},{"type":"Feature","geometry":{"type":"Point","coordinates":[92.54129481692793,25.35442212534826]},"id":"00000000000000000253","properties":{"class":2,"geom_type":"Point"}},{"type":"Feature","geometry":{"type":"Point","coordinates":[92.5439555682707,25.352793288186373]},"id":"00000000000000000254","properties":{"class":2,"geom_type":"Point"}},{"type":"Feature","geometry":{"type":"Point","coordinates":[92.54575801272871,25.35232790211008]},"id":"00000000000000000255","properties":{"class":2,"geom_type":"Point"}},{"type":"Feature","geometry":{"type":"Point","coordinates":[92.5461871661711,25.350000944862906]},"id":"00000000000000000256","properties":{"class":2,"geom_type":"Point"}},{"type":"Feature","geometry":{"type":"Point","coordinates":[92.55408358951094,25.346820697549433]},"id":"00000000000000000257","properties":{"class":2,"geom_type":"Point"}},{"type":"Feature","geometry":{"type":"Point","coordinates":[92.56129336734297,25.336891582569685]},"id":"00000000000000000258","properties":{"class":2,"geom_type":"Point"}},{"type":"Feature","geometry":{"type":"Point","coordinates":[92.50745989735071,25.349268130945067]},"id":"00000000000000000259","properties":{"class":2,"geom_type":"Point"}},{"type":"Feature","geometry":{"type":"Point","coordinates":[92.51477696354334,25.351653276002807]},"id":"0000000000000000025a","properties":{"class":2,"geom_type":"Point"}},{"type":"Feature","geometry":{"type":"Point","coordinates":[92.50853278095667,25.348996648037968]},"id":"0000000000000000025b","properties":{"class":2,"geom_type":"Point"}},{"type":"Feature","geometry":{"type":"Point","coordinates":[92.50726677830164,25.34696050681023]},"id":"0000000000000000025c","properties":{"class":2,"geom_type":"Point"}},{"type":"Feature","geometry":{"type":"Point","coordinates":[92.50149466450159,25.344575269205787]},"id":"0000000000000000025d","properties":{"class":2,"geom_type":"Point"}},{"type":"Feature","geometry":{"type":"Point","coordinates":[92.48426907142314,25.34372223278939]},"id":"0000000000000000025e","properties":{"class":2,"geom_type":"Point"}},{"type":"Feature","geometry":{"type":"Point","coordinates":[92.4842261560789,25.343218026645246]},"id":"0000000000000000025f","properties":{"class":2,"geom_type":"Point"}},{"type":"Feature","geometry":{"type":"Point","coordinates":[92.48697273811015,25.343314989528483]},"id":"00000000000000000260","properties":{"class":2,"geom_type":"Point"}},{"type":"Feature","geometry":{"type":"Point","coordinates":[92.48628609260234,25.34494395434636]},"id":"00000000000000000261","properties":{"class":2,"geom_type":"Point"}},{"type":"Feature","geometry":{"type":"Point","coordinates":[92.48613588889751,25.34630140827122]},"id":"00000000000000000262","properties":{"class":2,"geom_type":"Point"}},{"type":"Feature","geometry":{"type":"Point","coordinates":[92.48521320899638,25.346475936956335]},"id":"00000000000000000263","properties":{"class":2,"geom_type":"Point"}},{"type":"Feature","geometry":{"type":"Point","coordinates":[92.48268120368633,25.347057697421263]},"id":"00000000000000000264","properties":{"class":2,"geom_type":"Point"}},{"type":"Feature","geometry":{"type":"Point","coordinates":[92.47899048408183,25.34668924945168]},"id":"00000000000000000265","properties":{"class":2,"geom_type":"Point"}},{"type":"Feature","geometry":{"type":"Point","coordinates":[92.47916214545879,25.34624323198689]},"id":"00000000000000000266","properties":{"class":2,"geom_type":"Point"}},{"type":"Feature","geometry":{"type":"Point","coordinates":[92.47926943381938,25.345816605046807]},"id":"00000000000000000267","properties":{"class":2,"geom_type":"Point"}},{"type":"Feature","geometry":{"type":"Point","coordinates":[92.47532122214946,25.34453671519836]},"id":"00000000000000000268","properties":{"class":2,"geom_type":"Point"}},{"type":"Feature","geometry":{"type":"Point","coordinates":[92.4600884400272,25.342287060898368]},"id":"00000000000000000269","properties":{"class":2,"geom_type":"Point"}},{"type":"Feature","geometry":{"type":"Point","coordinates":[92.46038884743686,25.34166649182983]},"id":"0000000000000000026a","properties":{"class":2,"geom_type":"Point"}},{"type":"Feature","geometry":{"type":"Point","coordinates":[92.36735843995888,25.167322489151708]},"id":"0000000000000000026b","properties":{"class":2,"geom_type":"Point"}},{"type":"Feature","geometry":{"type":"Point","coordinates":[92.37280868867713,25.172216404748838]},"id":"0000000000000000026c","properties":{"class":2,"geom_type":"Point"}},{"type":"Feature","geometry":{"type":"Point","coordinates":[92.3708774981864,25.17279900066373]},"id":"0000000000000000026d","properties":{"class":2,"geom_type":"Point"}},{"type":"Feature","geometry":{"type":"Point","coordinates":[92.36542724946814,25.173420433237524]},"id":"0000000000000000026e","properties":{"class":2,"geom_type":"Point"}},{"type":"Feature","geometry":{"type":"Point","coordinates":[92.36486934999304,25.164875457694286]},"id":"0000000000000000026f","properties":{"class":2,"geom_type":"Point"}},{"type":"Feature","geometry":{"type":"Point","coordinates":[92.36276649812537,25.16405976963025]},"id":"00000000000000000270","properties":{"class":2,"geom_type":"Point"}},{"type":"Feature","geometry":{"type":"Point","coordinates":[92.35937618593054,25.164409350897156]},"id":"00000000000000000271","properties":{"class":2,"geom_type":"Point"}},{"type":"Feature","geometry":{"type":"Point","coordinates":[92.39309029037243,25.177766517403843]},"id":"00000000000000000272","properties":{"class":2,"geom_type":"Point"}},{"type":"Feature","geometry":{"type":"Point","coordinates":[92.39562229568249,25.173610774987424]},"id":"00000000000000000273","properties":{"class":2,"geom_type":"Point"}},{"type":"Feature","geometry":{"type":"Point","coordinates":[92.38691048080213,25.17279514535819]},"id":"00000000000000000274","properties":{"class":2,"geom_type":"Point"}},{"type":"Feature","geometry":{"type":"Point","coordinates":[92.38746838027721,25.179591892182888]},"id":"00000000000000000275","properties":{"class":2,"geom_type":"Point"}},{"type":"Feature","geometry":{"type":"Point","coordinates":[92.38034443313366,25.16448317991872]},"id":"00000000000000000276","properties":{"class":2,"geom_type":"Point"}},{"type":"Feature","geometry":{"type":"Point","coordinates":[92.22435515816485,25.15883214667016]},"id":"00000000000000000277","properties":{"class":2,"geom_type":"Point"}},{"type":"Feature","geometry":{"type":"Point","coordinates":[92.22075026924884,25.15541381943609]},"id":"00000000000000000278","properties":{"class":2,"geom_type":"Point"}},{"type":"Feature","geometry":{"type":"Point","coordinates":[92.20950644905842,25.15288885713876]},"id":"00000000000000000279","properties":{"class":2,"geom_type":"Point"}},{"type":"Feature","geometry":{"type":"Point","coordinates":[92.16458616635592,25.13534469153001]},"id":"0000000000000000027a","properties":{"class":2,"geom_type":"Point"}},{"type":"Feature","geometry":{"type":"Point","coordinates":[92.166581729863,25.135966314895565]},"id":"0000000000000000027b","properties":{"class":2,"geom_type":"Point"}},{"type":"Feature","geometry":{"type":"Point","coordinates":[92.18501274565413,25.134800754200672]},"id":"0000000000000000027c","properties":{"class":2,"geom_type":"Point"}},{"type":"Feature","geometry":{"type":"Point","coordinates":[92.18020622709945,25.13487845764051]},"id":"0000000000000000027d","properties":{"class":2,"geom_type":"Point"}},{"type":"Feature","geometry":{"type":"Point","coordinates":[92.18715851286605,25.127185577271774]},"id":"0000000000000000027e","properties":{"class":2,"geom_type":"Point"}},{"type":"Feature","geometry":{"type":"Point","coordinates":[92.14872948997831,25.191362884588184]},"id":"0000000000000000027f","properties":{"class":2,"geom_type":"Point"}},{"type":"Feature","geometry":{"type":"Point","coordinates":[92.15347163551664,25.193401637746707]},"id":"00000000000000000280","properties":{"class":2,"geom_type":"Point"}},{"type":"Feature","geometry":{"type":"Point","coordinates":[91.8686392718079,25.21686802966073]},"id":"00000000000000000281","properties":{"class":2,"geom_type":"Point"}},{"type":"Feature","geometry":{"type":"Point","coordinates":[91.86716942126773,25.216858323264507]},"id":"00000000000000000282","properties":{"class":2,"geom_type":"Point"}},{"type":"Feature","geometry":{"type":"Point","coordinates":[91.86602731240437,25.271694962912076]},"id":"00000000000000000283","properties":{"class":2,"geom_type":"Point"}},{"type":"Feature","geometry":{"type":"Point","coordinates":[91.86679978860066,25.27173377097532]},"id":"00000000000000000284","properties":{"class":2,"geom_type":"Point"}},{"type":"Feature","geometry":{"type":"Point","coordinates":[91.87061925423787,25.272160658852126]},"id":"00000000000000000285","properties":{"class":2,"geom_type":"Point"}},{"type":"Feature","geometry":{"type":"Point","coordinates":[90.21558896781929,25.939464322090327]},"id":"00000000000000000286","properties":{"class":2,"geom_type":"Point"}},{"type":"Feature","geometry":{"type":"Point","coordinates":[90.22185460807808,25.94903472715967]},"id":"00000000000000000287","properties":{"class":2,"geom_type":"Point"}},{"type":"Feature","geometry":{"type":"Point","coordinates":[90.2455438780976,25.95358811454155]},"id":"00000000000000000288","properties":{"class":2,"geom_type":"Point"}},{"type":"Feature","geometry":{"type":"Point","coordinates":[90.25309697868354,25.949883677146463]},"id":"00000000000000000289","properties":{"class":2,"geom_type":"Point"}},{"type":"Feature","geometry":{"type":"Point","coordinates":[90.2503503966523,25.947645523068392]},"id":"0000000000000000028a","properties":{"class":2,"geom_type":"Point"}},{"type":"Feature","geometry":{"type":"Point","coordinates":[90.25447026969917,25.94378653681801]},"id":"0000000000000000028b","properties":{"class":2,"geom_type":"Point"}},{"type":"Feature","geometry":{"type":"Point","coordinates":[90.26545659782417,25.93274913817886]},"id":"0000000000000000028c","properties":{"class":2,"geom_type":"Point"}},{"type":"Feature","geometry":{"type":"Point","coordinates":[90.29093704236357,25.875159044544624]},"id":"0000000000000000028d","properties":{"class":2,"geom_type":"Point"}},{"type":"Feature","geometry":{"type":"Point","coordinates":[90.26089630139677,25.877707472106913]},"id":"0000000000000000028e","properties":{"class":2,"geom_type":"Point"}},{"type":"Feature","geometry":{"type":"Point","coordinates":[90.41717027127817,25.665859813227645]},"id":"0000000000000000028f","properties":{"class":2,"geom_type":"Point"}},{"type":"Feature","geometry":{"type":"Point","coordinates":[90.4080582636007,25.672990083194655]},"id":"00000000000000000290","properties":{"class":2,"geom_type":"Point"}},{"type":"Feature","geometry":{"type":"Point","coordinates":[90.41005382710777,25.672274523255535]},"id":"00000000000000000291","properties":{"class":2,"geom_type":"Point"}},{"type":"Feature","geometry":{"type":"Point","coordinates":[90.40947446996056,25.67183454845765]},"id":"00000000000000000292","properties":{"class":2,"geom_type":"Point"}},{"type":"Feature","geometry":{"type":"Point","coordinates":[90.40830502683006,25.671689501465043]},"id":"00000000000000000293","properties":{"class":2,"geom_type":"Point"}},{"type":"Feature","geometry":{"type":"Point","coordinates":[90.4059875982412,25.672704826706784]},"id":"00000000000000000294","properties":{"class":2,"geom_type":"Point"}},{"type":"Feature","geometry":{"type":"Point","coordinates":[90.41025460539589,25.674936190144326]},"id":"00000000000000000295","properties":{"class":2,"geom_type":"Point"}},{"type":"Feature","geometry":{"type":"Point","coordinates":[90.41022778330574,25.6739692320219]},"id":"00000000000000000296","properties":{"class":2,"geom_type":"Point"}},{"type":"Feature","geometry":{"type":"Point","coordinates":[90.41162206446715,25.676923418696997]},"id":"00000000000000000297","properties":{"class":2,"geom_type":"Point"}},{"type":"Feature","geometry":{"type":"Point","coordinates":[90.4099376372058,25.677933864703736]},"id":"00000000000000000298","properties":{"class":2,"geom_type":"Point"}},{"type":"Feature","geometry":{"type":"Point","coordinates":[90.41031314646789,25.677305358625357]},"id":"00000000000000000299","properties":{"class":2,"geom_type":"Point"}},{"type":"Feature","geometry":{"type":"Point","coordinates":[90.41133775031157,25.67820460476215]},"id":"0000000000000000029a","properties":{"class":2,"geom_type":"Point"}},{"type":"Feature","geometry":{"type":"Point","coordinates":[90.41284708767175,25.679625001025308]},"id":"0000000000000000029b","properties":{"class":2,"geom_type":"Point"}},{"type":"Feature","geometry":{"type":"Point","coordinates":[90.41591112574345,25.682510863174716]},"id":"0000000000000000029c","properties":{"class":2,"geom_type":"Point"}},{"type":"Feature","geometry":{"type":"Point","coordinates":[90.41672115286596,25.682090264091304]},"id":"0000000000000000029d","properties":{"class":2,"geom_type":"Point"}},{"type":"Feature","geometry":{"type":"Point","coordinates":[90.41698797411864,25.683947435366832]},"id":"0000000000000000029e","properties":{"class":2,"geom_type":"Point"}},{"type":"Feature","geometry":{"type":"Point","coordinates":[90.41475043941536,25.68629417900333]},"id":"0000000000000000029f","properties":{"class":2,"geom_type":"Point"}},{"type":"Feature","geometry":{"type":"Point","coordinates":[90.41671381641426,25.686076634847225]},"id":"000000000000000002a0","properties":{"class":2,"geom_type":"Point"}},{"type":"Feature","geometry":{"type":"Point","coordinates":[90.41595206905403,25.686163652557333]},"id":"000000000000000002a1","properties":{"class":2,"geom_type":"Point"}},{"type":"Feature","geometry":{"type":"Point","coordinates":[90.41527823099513,25.68866092134504]},"id":"000000000000000002a2","properties":{"class":2,"geom_type":"Point"}},{"type":"Feature","geometry":{"type":"Point","coordinates":[90.41466668733973,25.688351531239878]},"id":"000000000000000002a3","properties":{"class":2,"geom_type":"Point"}},{"type":"Feature","geometry":{"type":"Point","coordinates":[90.41621700415034,25.68831769164838]},"id":"000000000000000002a4","properties":{"class":2,"geom_type":"Point"}},{"type":"Feature","geometry":{"type":"Point","coordinates":[90.41885033817569,25.68951725805981]},"id":"000000000000000002a5","properties":{"class":2,"geom_type":"Point"}},{"type":"Feature","geometry":{"type":"Point","coordinates":[90.41762188644687,25.691252715806318]},"id":"000000000000000002a6","properties":{"class":2,"geom_type":"Point"}},{"type":"Feature","geometry":{"type":"Point","coordinates":[90.41935138953974,25.693466717112592]},"id":"000000000000000002a7","properties":{"class":2,"geom_type":"Point"}},{"type":"Feature","geometry":{"type":"Point","coordinates":[90.42167016897103,25.700500007114666]},"id":"000000000000000002a8","properties":{"class":2,"geom_type":"Point"}},{"type":"Feature","geometry":{"type":"Point","coordinates":[90.42055437002084,25.70077552960636]},"id":"000000000000000002a9","properties":{"class":2,"geom_type":"Point"}},{"type":"Feature","geometry":{"type":"Point","coordinates":[90.42229780588052,25.701500585747983]},"id":"000000000000000002aa","properties":{"class":2,"geom_type":"Point"}},{"type":"Feature","geometry":{"type":"Point","coordinates":[90.42035588655375,25.701708434360835]},"id":"000000000000000002ab","properties":{"class":2,"geom_type":"Point"}},{"type":"Feature","geometry":{"type":"Point","coordinates":[90.42449638147802,25.698748865970295]},"id":"000000000000000002ac","properties":{"class":2,"geom_type":"Point"}},{"type":"Feature","geometry":{"type":"Point","coordinates":[90.42304798860998,25.69941109536109]},"id":"000000000000000002ad","properties":{"class":2,"geom_type":"Point"}},{"type":"Feature","geometry":{"type":"Point","coordinates":[90.42409941454382,25.70036334576555]},"id":"000000000000000002ae","properties":{"class":2,"geom_type":"Point"}},{"type":"Feature","geometry":{"type":"Point","coordinates":[91.70201722464567,25.872894460467872]},"id":"000000000000000002af","properties":{"class":2,"geom_type":"Point"}},{"type":"Feature","geometry":{"type":"Point","coordinates":[91.69137421927459,25.86988255382203]},"id":"000000000000000002b0","properties":{"class":2,"geom_type":"Point"}},{"type":"Feature","geometry":{"type":"Point","coordinates":[91.70266095480925,25.876832991758768]},"id":"000000000000000002b1","properties":{"class":2,"geom_type":"Point"}},{"type":"Feature","geometry":{"type":"Point","coordinates":[91.70399133048063,25.876099353725476]},"id":"000000000000000002b2","properties":{"class":2,"geom_type":"Point"}},{"type":"Feature","geometry":{"type":"Point","coordinates":[91.68457280450367,25.879843520458397]},"id":"000000000000000002b3","properties":{"class":2,"geom_type":"Point"}},{"type":"Feature","geometry":{"type":"Point","coordinates":[91.6828132753899,25.87849211288787]},"id":"000000000000000002b4","properties":{"class":2,"geom_type":"Point"}},{"type":"Feature","geometry":{"type":"Point","coordinates":[92.23237031803659,25.550165110155767]},"id":"000000000000000002b5","properties":{"class":2,"geom_type":"Point"}},{"type":"Feature","geometry":{"type":"Point","coordinates":[92.23615759716562,25.54785920071068]},"id":"000000000000000002b6","properties":{"class":2,"geom_type":"Point"}},{"type":"Feature","geometry":{"type":"Point","coordinates":[92.23726266727975,25.54854162664288]},"id":"000000000000000002b7","properties":{"class":2,"geom_type":"Point"}},{"type":"Feature","geometry":{"type":"Point","coordinates":[92.04379100034033,25.35761084720864]},"id":"000000000000000002b8","properties":{"class":2,"geom_type":"Point"}},{"type":"Feature","geometry":{"type":"Point","coordinates":[92.04610306451117,25.35907480422671]},"id":"000000000000000002b9","properties":{"class":2,"geom_type":"Point"}},{"type":"Feature","geometry":{"type":"Point","coordinates":[92.04638201424872,25.358939073858078]},"id":"000000000000000002ba","properties":{"class":2,"geom_type":"Point"}},{"type":"Feature","geometry":{"type":"Point","coordinates":[92.04575437733924,25.358216791833303]},"id":"000000000000000002bb","properties":{"class":2,"geom_type":"Point"}},{"type":"Feature","geometry":{"type":"Point","coordinates":[92.04704720208441,25.358585204680452]},"id":"000000000000000002bc","properties":{"class":2,"geom_type":"Point"}},{"type":"Feature","geometry":{"type":"Point","coordinates":[92.04722422787941,25.357901701007535]},"id":"000000000000000002bd","properties":{"class":2,"geom_type":"Point"}},{"type":"Feature","geometry":{"type":"Point","coordinates":[92.04727250764167,25.357848377863444]},"id":"000000000000000002be","properties":{"class":2,"geom_type":"Point"}},{"type":"Feature","geometry":{"type":"Point","coordinates":[92.04726714322364,25.357717493682802]},"id":"000000000000000002bf","properties":{"class":2,"geom_type":"Point"}},{"type":"Feature","geometry":{"type":"Point","coordinates":[90.91137299705935,25.34379518837684]},"id":"000000000000000002c0","properties":{"class":2,"geom_type":"Point"}},{"type":"Feature","geometry":{"type":"Point","coordinates":[90.80552947860907,25.36745003777712]},"id":"000000000000000002c1","properties":{"class":2,"geom_type":"Point"}},{"type":"Feature","geometry":{"type":"Point","coordinates":[90.60418814914733,25.368765386737888]},"id":"000000000000000002c2","properties":{"class":2,"geom_type":"Point"}},{"type":"Feature","geometry":{"type":"Point","coordinates":[91.72630825046602,25.589948628132916]},"id":"000000000000000002c3","properties":{"class":2,"geom_type":"Point"}},{"type":"Feature","geometry":{"type":"Point","coordinates":[91.7729143143088,25.57167814040979]},"id":"000000000000000002c4","properties":{"class":2,"geom_type":"Point"}},{"type":"Feature","geometry":{"type":"Point","coordinates":[91.72193088535373,25.558515468122682]},"id":"000000000000000002c5","properties":{"class":2,"geom_type":"Point"}},{"type":"Feature","geometry":{"type":"Point","coordinates":[91.73909702304903,25.55340486440381]},"id":"000000000000000002c6","properties":{"class":2,"geom_type":"Point"}},{"type":"Feature","geometry":{"type":"Point","coordinates":[91.91171808254742,25.555907507006992]},"id":"000000000000000002c7","properties":{"class":2,"geom_type":"Point"}},{"type":"Feature","geometry":{"type":"Point","coordinates":[91.90510911953473,25.562798883523005]},"id":"000000000000000002c8","properties":{"class":2,"geom_type":"Point"}},{"type":"Feature","geometry":{"type":"Point","coordinates":[91.90837068569684,25.563960312438223]},"id":"000000000000000002c9","properties":{"class":2,"geom_type":"Point"}},{"type":"Feature","geometry":{"type":"Point","coordinates":[91.91352052700543,25.568063937743023]},"id":"000000000000000002ca","properties":{"class":2,"geom_type":"Point"}},{"type":"Feature","geometry":{"type":"Point","coordinates":[91.89352197659039,25.530816451814825]},"id":"000000000000000002cb","properties":{"class":2,"geom_type":"Point"}},{"type":"Feature","geometry":{"type":"Point","coordinates":[91.88038988125348,25.531203699345188]},"id":"000000000000000002cc","properties":{"class":2,"geom_type":"Point"}},{"type":"Feature","geometry":{"type":"Point","coordinates":[90.0810413568344,25.49270949422643]},"id":"000000000000000002cd","properties":{"class":2,"geom_type":"Point"}},{"type":"Feature","geometry":{"type":"Point","coordinates":[90.08739282778167,25.46318819288225]},"id":"000000000000000002ce","properties":{"class":2,"geom_type":"Point"}},{"type":"Feature","geometry":{"type":"Point","coordinates":[90.11786272219085,25.47054982554152]},"id":"000000000000000002cf","properties":{"class":2,"geom_type":"Point"}},{"type":"Feature","geometry":{"type":"Point","coordinates":[90.14850427797698,25.45791853711206]},"id":"000000000000000002d0","properties":{"class":2,"geom_type":"Point"}},{"type":"Feature","geometry":{"type":"Point","coordinates":[90.18729974916839,25.518970383034194]},"id":"000000000000000002d1","properties":{"class":2,"geom_type":"Point"}},{"type":"Feature","geometry":{"type":"Point","coordinates":[90.16206552675628,25.521294078872458]},"id":"000000000000000002d2","properties":{"class":2,"geom_type":"Point"}},{"type":"Feature","geometry":{"type":"Point","coordinates":[90.10016384144794,25.524934445224968]},"id":"000000000000000002d3","properties":{"class":2,"geom_type":"Point"}},{"type":"Feature","geometry":{"type":"Point","coordinates":[90.72388734002196,25.68193851148615]},"id":"000000000000000002d4","properties":{"class":2,"geom_type":"Point"}},{"type":"Feature","geometry":{"type":"Point","coordinates":[90.71483220238768,25.686850248941067]},"id":"000000000000000002d5","properties":{"class":2,"geom_type":"Point"}},{"type":"Feature","geometry":{"type":"Point","coordinates":[91.26850308968366,25.44165417410063]},"id":"000000000000000002d6","properties":{"class":2,"geom_type":"Point"}},{"type":"Feature","geometry":{"type":"Point","coordinates":[91.26399697853864,25.444056870371135]},"id":"000000000000000002d7","properties":{"class":2,"geom_type":"Point"}},{"type":"Feature","geometry":{"type":"Point","coordinates":[91.25163735939802,25.443359318327587]},"id":"000000000000000002d8","properties":{"class":2,"geom_type":"Point"}},{"type":"Feature","geometry":{"type":"Point","coordinates":[91.281892677086,25.456418372311564]},"id":"000000000000000002d9","properties":{"class":2,"geom_type":"Point"}},{"type":"Feature","geometry":{"type":"Point","coordinates":[91.2934847460346,25.563679253017124]},"id":"000000000000000002da","properties":{"class":2,"geom_type":"Point"}},{"type":"Feature","geometry":{"type":"Point","coordinates":[91.29408556085393,25.566118222805265]},"id":"000000000000000002db","properties":{"class":2,"geom_type":"Point"}},{"type":"Feature","geometry":{"type":"Point","coordinates":[91.29507261377141,25.568208728807363]},"id":"000000000000000002dc","properties":{"class":2,"geom_type":"Point"}},{"type":"Feature","geometry":{"type":"Point","coordinates":[91.29657465081975,25.56902169350876]},"id":"000000000000000002dd","properties":{"class":2,"geom_type":"Point"}},{"type":"Feature","geometry":{"type":"Point","coordinates":[91.3601435623305,25.530175859596117]},"id":"000000000000000002de","properties":{"class":2,"geom_type":"Point"}},{"type":"Feature","geometry":{"type":"Point","coordinates":[91.36949910737444,25.532809132211998]},"id":"000000000000000002df","properties":{"class":2,"geom_type":"Point"}},{"type":"Feature","geometry":{"type":"Point","coordinates":[91.89198482699167,25.52060630552487]},"id":"000000000000000002e0","properties":{"class":2,"geom_type":"Point"}},{"type":"Feature","geometry":{"type":"Point","coordinates":[91.89177025027048,25.51053657428693]},"id":"000000000000000002e1","properties":{"class":2,"geom_type":"Point"}},{"type":"Feature","geometry":{"type":"Point","coordinates":[91.85128583278033,25.570962571816107]},"id":"000000000000000002e2","properties":{"class":2,"geom_type":"Point"}},{"type":"Feature","geometry":{"type":"Point","coordinates":[91.8697394308028,25.58172398132735]},"id":"000000000000000002e3","properties":{"class":2,"geom_type":"Point"}},{"type":"Feature","geometry":{"type":"Point","coordinates":[91.88055409755084,25.582652978509792]},"id":"000000000000000002e4","properties":{"class":2,"geom_type":"Point"}},{"type":"Feature","geometry":{"type":"Point","coordinates":[91.89027448937694,25.54257755054417]},"id":"000000000000000002e5","properties":{"class":2,"geom_type":"Point"}},{"type":"Feature","geometry":{"type":"Point","coordinates":[91.88970049664775,25.541711164636535]},"id":"000000000000000002e6","properties":{"class":2,"geom_type":"Point"}},{"type":"Feature","geometry":{"type":"Point","coordinates":[91.46388987274446,25.559668621893955]},"id":"000000000000000002e7","properties":{"class":2,"geom_type":"Point"}},{"type":"Feature","geometry":{"type":"Point","coordinates":[91.46388987274446,25.55823613995935]},"id":"000000000000000002e8","properties":{"class":2,"geom_type":"Point"}},{"type":"Feature","geometry":{"type":"Point","coordinates":[91.46425465317047,25.556435834320805]},"id":"000000000000000002e9","properties":{"class":2,"geom_type":"Point"}},{"type":"Feature","geometry":{"type":"Point","coordinates":[91.46734455795563,25.555119464690517]},"id":"000000000000000002ea","properties":{"class":2,"geom_type":"Point"}},{"type":"Feature","geometry":{"type":"Point","coordinates":[91.46981219024934,25.55531304936664]},"id":"000000000000000002eb","properties":{"class":2,"geom_type":"Point"}},{"type":"Feature","geometry":{"type":"Point","coordinates":[91.47283772201813,25.558081276021575]},"id":"000000000000000002ec","properties":{"class":2,"geom_type":"Point"}},{"type":"Feature","geometry":{"type":"Point","coordinates":[91.47425392837799,25.556803640897286]},"id":"000000000000000002ed","properties":{"class":2,"geom_type":"Point"}},{"type":"Feature","geometry":{"type":"Point","coordinates":[91.47624949188507,25.55763604108549]},"id":"000000000000000002ee","properties":{"class":2,"geom_type":"Point"}},{"type":"Feature","geometry":{"type":"Point","coordinates":[91.47721508713043,25.558778162165126]},"id":"000000000000000002ef","properties":{"class":2,"geom_type":"Point"}},{"type":"Feature","geometry":{"type":"Point","coordinates":[91.47833088608063,25.567527609874244]},"id":"000000000000000002f0","properties":{"class":2,"geom_type":"Point"}},{"type":"Feature","geometry":{"type":"Point","coordinates":[90.54245356539053,25.345702997817792]},"id":"000000000000000002f1","properties":{"class":1,"geom_type":null}},{"type":"Feature","geometry":{"type":"Point","coordinates":[90.54302314002092,25.341789315637808]},"id":"000000000000000002f2","properties":{"class":1,"geom_type":null}},{"type":"Feature","geometry":{"type":"Point","coordinates":[90.6116373293932,25.339021839101687]},"id":"000000000000000002f3","properties":{"class":1,"geom_type":null}},{"type":"Feature","geometry":{"type":"Point","coordinates":[90.6099426276618,25.33790629142427]},"id":"000000000000000002f4","properties":{"class":1,"geom_type":null}},{"type":"Feature","geometry":{"type":"Point","coordinates":[90.63988488294112,25.341687125238902]},"id":"000000000000000002f5","properties":{"class":1,"geom_type":null}},{"type":"Feature","geometry":{"type":"Point","coordinates":[90.63743921954023,25.34126109722091]},"id":"000000000000000002f6","properties":{"class":1,"geom_type":null}},{"type":"Feature","geometry":{"type":"Point","coordinates":[90.67892204557882,25.310453666771732]},"id":"000000000000000002f7","properties":{"class":1,"geom_type":null}},{"type":"Feature","geometry":{"type":"Point","coordinates":[90.67801699667768,25.311555887430153]},"id":"000000000000000002f8","properties":{"class":1,"geom_type":null}},{"type":"Feature","geometry":{"type":"Point","coordinates":[90.68069386196724,25.30499149002507]},"id":"000000000000000002f9","properties":{"class":1,"geom_type":null}},{"type":"Feature","geometry":{"type":"Point","coordinates":[90.68197997191852,25.304560231122313]},"id":"000000000000000002fa","properties":{"class":1,"geom_type":null}},{"type":"Feature","geometry":{"type":"Point","coordinates":[90.69708384368168,25.305303666748326]},"id":"000000000000000002fb","properties":{"class":1,"geom_type":null}},{"type":"Feature","geometry":{"type":"Point","coordinates":[90.6968214825504,25.30449659661989]},"id":"000000000000000002fc","properties":{"class":1,"geom_type":null}},{"type":"Feature","geometry":{"type":"Point","coordinates":[90.70610935698105,25.297587724667405]},"id":"000000000000000002fd","properties":{"class":1,"geom_type":null}},{"type":"Feature","geometry":{"type":"Point","coordinates":[90.70715728369807,25.297017399018827]},"id":"000000000000000002fe","properties":{"class":1,"geom_type":null}},{"type":"Feature","geometry":{"type":"Point","coordinates":[90.727900712307,25.28930875797438]},"id":"000000000000000002ff","properties":{"class":1,"geom_type":null}},{"type":"Feature","geometry":{"type":"Point","coordinates":[90.72496047076487,25.28972550421339]},"id":"00000000000000000300","properties":{"class":1,"geom_type":null}},{"type":"Feature","geometry":{"type":"Point","coordinates":[90.69670339919207,25.436067954920745]},"id":"00000000000000000301","properties":{"class":1,"geom_type":null}},{"type":"Feature","geometry":{"type":"Point","coordinates":[90.69742099282526,25.436221660239706]},"id":"00000000000000000302","properties":{"class":1,"geom_type":null}},{"type":"Feature","geometry":{"type":"Point","coordinates":[90.61713975222098,25.279402985115727]},"id":"00000000000000000303","properties":{"class":1,"geom_type":null}},{"type":"Feature","geometry":{"type":"Point","coordinates":[90.61785052599296,25.279654194181756]},"id":"00000000000000000304","properties":{"class":1,"geom_type":null}},{"type":"Feature","geometry":{"type":"Point","coordinates":[90.60714106369115,25.28071637445994]},"id":"00000000000000000305","properties":{"class":1,"geom_type":null}},{"type":"Feature","geometry":{"type":"Point","coordinates":[90.60370198665076,25.279595888623664]},"id":"00000000000000000306","properties":{"class":1,"geom_type":null}},{"type":"Feature","geometry":{"type":"Point","coordinates":[90.62155128758646,25.287936312957125]},"id":"00000000000000000307","properties":{"class":1,"geom_type":null}},{"type":"Feature","geometry":{"type":"Point","coordinates":[90.62226178780098,25.287459275196824]},"id":"00000000000000000308","properties":{"class":1,"geom_type":null}},{"type":"Feature","geometry":{"type":"Point","coordinates":[90.62512542666549,25.290217750123347]},"id":"00000000000000000309","properties":{"class":1,"geom_type":null}},{"type":"Feature","geometry":{"type":"Point","coordinates":[90.62503052725945,25.289527700924104]},"id":"0000000000000000030a","properties":{"class":1,"geom_type":null}},{"type":"Feature","geometry":{"type":"Point","coordinates":[90.62619877185902,25.285139049070523]},"id":"0000000000000000030b","properties":{"class":1,"geom_type":null}},{"type":"Feature","geometry":{"type":"Point","coordinates":[90.62586539364928,25.2861107913017]},"id":"0000000000000000030c","properties":{"class":1,"geom_type":null}},{"type":"Feature","geometry":{"type":"Point","coordinates":[90.6294233417362,25.284865863884306]},"id":"0000000000000000030d","properties":{"class":1,"geom_type":null}},{"type":"Feature","geometry":{"type":"Point","coordinates":[90.62886393679688,25.28490019697249]},"id":"0000000000000000030e","properties":{"class":1,"geom_type":null}},{"type":"Feature","geometry":{"type":"Point","coordinates":[90.59698458315876,25.273857167684337]},"id":"0000000000000000030f","properties":{"class":1,"geom_type":null}},{"type":"Feature","geometry":{"type":"Point","coordinates":[90.59549071214164,25.275544893449684]},"id":"00000000000000000310","properties":{"class":1,"geom_type":null}},{"type":"Feature","geometry":{"type":"Point","coordinates":[90.62375044916115,25.281797372507608]},"id":"00000000000000000311","properties":{"class":1,"geom_type":null}},{"type":"Feature","geometry":{"type":"Point","coordinates":[90.62397610160829,25.28208676965518]},"id":"00000000000000000312","properties":{"class":1,"geom_type":null}},{"type":"Feature","geometry":{"type":"Point","coordinates":[90.60560202022019,25.261519068737115]},"id":"00000000000000000313","properties":{"class":1,"geom_type":null}},{"type":"Feature","geometry":{"type":"Point","coordinates":[90.60640458169564,25.26398274535546]},"id":"00000000000000000314","properties":{"class":1,"geom_type":null}},{"type":"Feature","geometry":{"type":"Point","coordinates":[90.57419174323394,25.262938735158958]},"id":"00000000000000000315","properties":{"class":1,"geom_type":null}},{"type":"Feature","geometry":{"type":"Point","coordinates":[90.57391306418492,25.26161489443837]},"id":"00000000000000000316","properties":{"class":1,"geom_type":null}},{"type":"Feature","geometry":{"type":"Point","coordinates":[90.58968046864445,25.257917202210614]},"id":"00000000000000000317","properties":{"class":1,"geom_type":null}},{"type":"Feature","geometry":{"type":"Point","coordinates":[90.59060113136339,25.25797379089391]},"id":"00000000000000000318","properties":{"class":1,"geom_type":null}},{"type":"Feature","geometry":{"type":"Point","coordinates":[90.566378486596,25.261434772259832]},"id":"00000000000000000319","properties":{"class":1,"geom_type":null}},{"type":"Feature","geometry":{"type":"Point","coordinates":[90.56335752043407,25.25896842260071]},"id":"0000000000000000031a","properties":{"class":1,"geom_type":null}},{"type":"Feature","geometry":{"type":"Point","coordinates":[90.56028006045118,25.258967131119014]},"id":"0000000000000000031b","properties":{"class":1,"geom_type":null}},{"type":"Feature","geometry":{"type":"Point","coordinates":[90.56103013344801,25.25773328395483]},"id":"0000000000000000031c","properties":{"class":1,"geom_type":null}},{"type":"Feature","geometry":{"type":"Point","coordinates":[90.57688021690076,25.269011840757603]},"id":"0000000000000000031d","properties":{"class":1,"geom_type":null}},{"type":"Feature","geometry":{"type":"Point","coordinates":[90.57909825494484,25.268701235831635]},"id":"0000000000000000031e","properties":{"class":1,"geom_type":null}},{"type":"Feature","geometry":{"type":"Point","coordinates":[90.62522453487749,25.276871648550166]},"id":"0000000000000000031f","properties":{"class":1,"geom_type":null}},{"type":"Feature","geometry":{"type":"Point","coordinates":[90.62591970563747,25.275554579734404]},"id":"00000000000000000320","properties":{"class":1,"geom_type":null}},{"type":"Feature","geometry":{"type":"Point","coordinates":[90.6550394872595,25.414404334736794]},"id":"00000000000000000321","properties":{"class":1,"geom_type":null}},{"type":"Feature","geometry":{"type":"Point","coordinates":[90.6471461187499,25.411274202516726]},"id":"00000000000000000322","properties":{"class":1,"geom_type":null}},{"type":"Feature","geometry":{"type":"Point","coordinates":[90.66290688585347,25.414606519846295]},"id":"00000000000000000323","properties":{"class":1,"geom_type":null}},{"type":"Feature","geometry":{"type":"Point","coordinates":[90.66101201875053,25.41378973171721]},"id":"00000000000000000324","properties":{"class":1,"geom_type":null}},{"type":"Feature","geometry":{"type":"Point","coordinates":[90.6609509564909,25.419562719120304]},"id":"00000000000000000325","properties":{"class":1,"geom_type":null}},{"type":"Feature","geometry":{"type":"Point","coordinates":[90.65983547394798,25.41821825935701]},"id":"00000000000000000326","properties":{"class":1,"geom_type":null}},{"type":"Feature","geometry":{"type":"Point","coordinates":[90.67092216240387,25.416205295463968]},"id":"00000000000000000327","properties":{"class":1,"geom_type":null}},{"type":"Feature","geometry":{"type":"Point","coordinates":[90.67310082173589,25.415906847615794]},"id":"00000000000000000328","properties":{"class":1,"geom_type":null}},{"type":"Feature","geometry":{"type":"Point","coordinates":[90.66731646549451,25.409417062026538]},"id":"00000000000000000329","properties":{"class":1,"geom_type":null}},{"type":"Feature","geometry":{"type":"Point","coordinates":[90.6685449810094,25.405467303546505]},"id":"0000000000000000032a","properties":{"class":1,"geom_type":null}},{"type":"Feature","geometry":{"type":"Point","coordinates":[90.65043108026008,25.405233714406044]},"id":"0000000000000000032b","properties":{"class":1,"geom_type":null}},{"type":"Feature","geometry":{"type":"Point","coordinates":[90.65263845772067,25.407655177148047]},"id":"0000000000000000032c","properties":{"class":1,"geom_type":null}},{"type":"Feature","geometry":{"type":"Point","coordinates":[90.65737073371653,25.406719600758695]},"id":"0000000000000000032d","properties":{"class":1,"geom_type":null}},{"type":"Feature","geometry":{"type":"Point","coordinates":[90.65541674412634,25.40633564400308]},"id":"0000000000000000032e","properties":{"class":1,"geom_type":null}},{"type":"Feature","geometry":{"type":"Point","coordinates":[90.66348847818693,25.40176137693374]},"id":"0000000000000000032f","properties":{"class":1,"geom_type":null}},{"type":"Feature","geometry":{"type":"Point","coordinates":[90.6666867165791,25.400331419692954]},"id":"00000000000000000330","properties":{"class":1,"geom_type":null}},{"type":"Feature","geometry":{"type":"Point","coordinates":[90.63170385249434,25.410604167456608]},"id":"00000000000000000331","properties":{"class":1,"geom_type":null}},{"type":"Feature","geometry":{"type":"Point","coordinates":[90.63574760502429,25.406310957373538]},"id":"00000000000000000332","properties":{"class":1,"geom_type":null}},{"type":"Feature","geometry":{"type":"Point","coordinates":[90.66822812320866,25.425931378869425]},"id":"00000000000000000333","properties":{"class":1,"geom_type":null}},{"type":"Feature","geometry":{"type":"Point","coordinates":[90.66914742889827,25.424328411869894]},"id":"00000000000000000334","properties":{"class":1,"geom_type":null}},{"type":"Feature","geometry":{"type":"Point","coordinates":[90.65240568937288,25.426493662109632]},"id":"00000000000000000335","properties":{"class":1,"geom_type":null}},{"type":"Feature","geometry":{"type":"Point","coordinates":[90.65299729668024,25.42430222771686]},"id":"00000000000000000336","properties":{"class":1,"geom_type":null}},{"type":"Feature","geometry":{"type":"Point","coordinates":[90.65614146203353,25.424676999199793]},"id":"00000000000000000337","properties":{"class":1,"geom_type":null}},{"type":"Feature","geometry":{"type":"Point","coordinates":[90.65694911412741,25.42505722290261]},"id":"00000000000000000338","properties":{"class":1,"geom_type":null}},{"type":"Feature","geometry":{"type":"Point","coordinates":[90.66182319104949,25.428601579274723]},"id":"00000000000000000339","properties":{"class":1,"geom_type":null}},{"type":"Feature","geometry":{"type":"Point","coordinates":[90.66085596420245,25.42739125964817]},"id":"0000000000000000033a","properties":{"class":1,"geom_type":null}},{"type":"Feature","geometry":{"type":"Point","coordinates":[90.62595187923094,25.323259484577914]},"id":"0000000000000000033b","properties":{"class":1,"geom_type":null}},{"type":"Feature","geometry":{"type":"Point","coordinates":[90.62747272945096,25.322786731164218]},"id":"0000000000000000033c","properties":{"class":1,"geom_type":null}},{"type":"Feature","geometry":{"type":"Point","coordinates":[90.63410171727412,25.32227894408192]},"id":"0000000000000000033d","properties":{"class":1,"geom_type":null}},{"type":"Feature","geometry":{"type":"Point","coordinates":[90.63327926529999,25.323733764327013]},"id":"0000000000000000033e","properties":{"class":1,"geom_type":null}},{"type":"Feature","geometry":{"type":"Point","coordinates":[90.62525562555783,25.324412460823886]},"id":"0000000000000000033f","properties":{"class":1,"geom_type":null}},{"type":"Feature","geometry":{"type":"Point","coordinates":[90.62470514110018,25.324153399586564]},"id":"00000000000000000340","properties":{"class":1,"geom_type":null}},{"type":"Feature","geometry":{"type":"Point","coordinates":[90.63963448830887,25.325499764055362]},"id":"00000000000000000341","properties":{"class":1,"geom_type":null}},{"type":"Feature","geometry":{"type":"Point","coordinates":[90.64173268437594,25.32560638095497]},"id":"00000000000000000342","properties":{"class":1,"geom_type":null}},{"type":"Feature","geometry":{"type":"Point","coordinates":[90.6493467156795,25.323969204101125]},"id":"00000000000000000343","properties":{"class":1,"geom_type":null}},{"type":"Feature","geometry":{"type":"Point","coordinates":[90.65008115306229,25.325008565186454]},"id":"00000000000000000344","properties":{"class":1,"geom_type":null}},{"type":"Feature","geometry":{"type":"Point","coordinates":[90.64675654253595,25.325506373389334]},"id":"00000000000000000345","properties":{"class":1,"geom_type":null}},{"type":"Feature","geometry":{"type":"Point","coordinates":[90.64697471139262,25.325172545949982]},"id":"00000000000000000346","properties":{"class":1,"geom_type":null}},{"type":"Feature","geometry":{"type":"Point","coordinates":[90.64376518506674,25.32455123554544]},"id":"00000000000000000347","properties":{"class":1,"geom_type":null}},{"type":"Feature","geometry":{"type":"Point","coordinates":[90.64352465490458,25.323407426085907]},"id":"00000000000000000348","properties":{"class":1,"geom_type":null}},{"type":"Feature","geometry":{"type":"Point","coordinates":[90.6449179643775,25.327557547456813]},"id":"00000000000000000349","properties":{"class":1,"geom_type":null}},{"type":"Feature","geometry":{"type":"Point","coordinates":[90.64782675822948,25.328846144773344]},"id":"0000000000000000034a","properties":{"class":1,"geom_type":null}},{"type":"Feature","geometry":{"type":"Point","coordinates":[90.63694617058508,25.328883232669344]},"id":"0000000000000000034b","properties":{"class":1,"geom_type":null}},{"type":"Feature","geometry":{"type":"Point","coordinates":[90.63338908110285,25.327418077314448]},"id":"0000000000000000034c","properties":{"class":1,"geom_type":null}},{"type":"Feature","geometry":{"type":"Point","coordinates":[90.63525218980264,25.326334976165516]},"id":"0000000000000000034d","properties":{"class":1,"geom_type":null}},{"type":"Feature","geometry":{"type":"Point","coordinates":[90.63357817413254,25.32454744474738]},"id":"0000000000000000034e","properties":{"class":1,"geom_type":null}},{"type":"Feature","geometry":{"type":"Point","coordinates":[90.64106343493194,25.320568183406102]},"id":"0000000000000000034f","properties":{"class":1,"geom_type":null}},{"type":"Feature","geometry":{"type":"Point","coordinates":[90.64090883005734,25.321551331351486]},"id":"00000000000000000350","properties":{"class":1,"geom_type":null}},{"type":"Feature","geometry":{"type":"Point","coordinates":[90.63940438578119,25.31916597239474]},"id":"00000000000000000351","properties":{"class":1,"geom_type":null}},{"type":"Feature","geometry":{"type":"Point","coordinates":[90.64000466055369,25.319307046521804]},"id":"00000000000000000352","properties":{"class":1,"geom_type":null}},{"type":"Feature","geometry":{"type":"Point","coordinates":[90.63746344202703,25.319118275747]},"id":"00000000000000000353","properties":{"class":1,"geom_type":null}},{"type":"Feature","geometry":{"type":"Point","coordinates":[90.63751483515371,25.319422832189762]},"id":"00000000000000000354","properties":{"class":1,"geom_type":null}},{"type":"Feature","geometry":{"type":"Point","coordinates":[90.63942827177877,25.31324862282786]},"id":"00000000000000000355","properties":{"class":1,"geom_type":null}},{"type":"Feature","geometry":{"type":"Point","coordinates":[90.64217715692934,25.314521430358525]},"id":"00000000000000000356","properties":{"class":1,"geom_type":null}},{"type":"Feature","geometry":{"type":"Point","coordinates":[90.65970806474736,25.323297332365375]},"id":"00000000000000000357","properties":{"class":1,"geom_type":null}},{"type":"Feature","geometry":{"type":"Point","coordinates":[90.66028911127462,25.322879257795513]},"id":"00000000000000000358","properties":{"class":1,"geom_type":null}},{"type":"Feature","geometry":{"type":"Point","coordinates":[90.66358924814307,25.323698841677945]},"id":"00000000000000000359","properties":{"class":1,"geom_type":null}},{"type":"Feature","geometry":{"type":"Point","coordinates":[90.66494341424094,25.325061374130684]},"id":"0000000000000000035a","properties":{"class":1,"geom_type":null}},{"type":"Feature","geometry":{"type":"Point","coordinates":[90.65642661621074,25.32385904723915]},"id":"0000000000000000035b","properties":{"class":1,"geom_type":null}},{"type":"Feature","geometry":{"type":"Point","coordinates":[90.65647874736166,25.324009467209702]},"id":"0000000000000000035c","properties":{"class":1,"geom_type":null}},{"type":"Feature","geometry":{"type":"Point","coordinates":[90.66220688932542,25.324863264437365]},"id":"0000000000000000035d","properties":{"class":1,"geom_type":null}},{"type":"Feature","geometry":{"type":"Point","coordinates":[90.66149610517083,25.32575441245763]},"id":"0000000000000000035e","properties":{"class":1,"geom_type":null}},{"type":"Feature","geometry":{"type":"Point","coordinates":[90.65926814425751,25.325163414630765]},"id":"0000000000000000035f","properties":{"class":1,"geom_type":null}},{"type":"Feature","geometry":{"type":"Point","coordinates":[90.65784145975299,25.324707302465722]},"id":"00000000000000000360","properties":{"class":1,"geom_type":null}},{"type":"Feature","geometry":{"type":"Point","coordinates":[90.66206505867696,25.328037106519723]},"id":"00000000000000000361","properties":{"class":1,"geom_type":null}},{"type":"Feature","geometry":{"type":"Point","coordinates":[90.66101493412043,25.326523941633702]},"id":"00000000000000000362","properties":{"class":1,"geom_type":null}},{"type":"Feature","geometry":{"type":"Point","coordinates":[90.65980206424484,25.328026501541192]},"id":"00000000000000000363","properties":{"class":1,"geom_type":null}},{"type":"Feature","geometry":{"type":"Point","coordinates":[90.65915974042989,25.32652824742337]},"id":"00000000000000000364","properties":{"class":1,"geom_type":null}},{"type":"Feature","geometry":{"type":"Point","coordinates":[90.65914365441441,25.328846984430612]},"id":"00000000000000000365","properties":{"class":1,"geom_type":null}},{"type":"Feature","geometry":{"type":"Point","coordinates":[90.65961571021855,25.32919254408753]},"id":"00000000000000000366","properties":{"class":1,"geom_type":null}},{"type":"Feature","geometry":{"type":"Point","coordinates":[90.68588249076927,25.320195361335923]},"id":"00000000000000000367","properties":{"class":1,"geom_type":null}},{"type":"Feature","geometry":{"type":"Point","coordinates":[90.68557562063033,25.319425571315705]},"id":"00000000000000000368","properties":{"class":1,"geom_type":null}},{"type":"Feature","geometry":{"type":"Point","coordinates":[90.69019964583782,25.321175326555224]},"id":"00000000000000000369","properties":{"class":1,"geom_type":null}},{"type":"Feature","geometry":{"type":"Point","coordinates":[90.69054901776406,25.320791807804113]},"id":"0000000000000000036a","properties":{"class":1,"geom_type":null}},{"type":"Feature","geometry":{"type":"Point","coordinates":[90.68608536284964,25.316179310796286]},"id":"0000000000000000036b","properties":{"class":1,"geom_type":null}},{"type":"Feature","geometry":{"type":"Point","coordinates":[90.68609666373636,25.31559336467942]},"id":"0000000000000000036c","properties":{"class":1,"geom_type":null}},{"type":"Feature","geometry":{"type":"Point","coordinates":[90.68347194727636,25.31616591452308]},"id":"0000000000000000036d","properties":{"class":1,"geom_type":null}},{"type":"Feature","geometry":{"type":"Point","coordinates":[90.68255357973166,25.31621924945466]},"id":"0000000000000000036e","properties":{"class":1,"geom_type":null}},{"type":"Feature","geometry":{"type":"Point","coordinates":[90.68416396074664,25.312611265547666]},"id":"0000000000000000036f","properties":{"class":1,"geom_type":null}},{"type":"Feature","geometry":{"type":"Point","coordinates":[90.68439323581218,25.313549460720907]},"id":"00000000000000000370","properties":{"class":1,"geom_type":null}},{"type":"Feature","geometry":{"type":"Point","coordinates":[90.70501396077556,25.31282052113591]},"id":"00000000000000000371","properties":{"class":1,"geom_type":null}},{"type":"Feature","geometry":{"type":"Point","coordinates":[90.7041740529439,25.312816906945205]},"id":"00000000000000000372","properties":{"class":1,"geom_type":null}},{"type":"Feature","geometry":{"type":"Point","coordinates":[90.71426230687659,25.310480660307405]},"id":"00000000000000000373","properties":{"class":1,"geom_type":null}},{"type":"Feature","geometry":{"type":"Point","coordinates":[90.71591914854099,25.309466465975085]},"id":"00000000000000000374","properties":{"class":1,"geom_type":null}},{"type":"Feature","geometry":{"type":"Point","coordinates":[90.71366848260811,25.304122942447393]},"id":"00000000000000000375","properties":{"class":1,"geom_type":null}},{"type":"Feature","geometry":{"type":"Point","coordinates":[90.71520426042322,25.30588344950808]},"id":"00000000000000000376","properties":{"class":1,"geom_type":null}},{"type":"Feature","geometry":{"type":"Point","coordinates":[90.6878466237329,25.308566246975825]},"id":"00000000000000000377","properties":{"class":1,"geom_type":null}},{"type":"Feature","geometry":{"type":"Point","coordinates":[90.68902121546057,25.30747101439301]},"id":"00000000000000000378","properties":{"class":1,"geom_type":null}},{"type":"Feature","geometry":{"type":"Point","coordinates":[90.67189289458173,25.313619497941303]},"id":"00000000000000000379","properties":{"class":1,"geom_type":null}},{"type":"Feature","geometry":{"type":"Point","coordinates":[90.66738505913912,25.31291940133381]},"id":"0000000000000000037a","properties":{"class":1,"geom_type":null}},{"type":"Feature","geometry":{"type":"Point","coordinates":[90.69439948250394,25.316415008370655]},"id":"0000000000000000037b","properties":{"class":1,"geom_type":null}},{"type":"Feature","geometry":{"type":"Point","coordinates":[90.69515697750904,25.317293425151465]},"id":"0000000000000000037c","properties":{"class":1,"geom_type":null}},{"type":"Feature","geometry":{"type":"Point","coordinates":[90.62272319411065,25.24795992244559]},"id":"0000000000000000037d","properties":{"class":1,"geom_type":null}},{"type":"Feature","geometry":{"type":"Point","coordinates":[90.62323045179649,25.248102021552924]},"id":"0000000000000000037e","properties":{"class":1,"geom_type":null}},{"type":"Feature","geometry":{"type":"Point","coordinates":[90.6271831989613,25.306854204287205]},"id":"0000000000000000037f","properties":{"class":1,"geom_type":null}},{"type":"Feature","geometry":{"type":"Point","coordinates":[90.6277902615166,25.306399322051522]},"id":"00000000000000000380","properties":{"class":1,"geom_type":null}},{"type":"Feature","geometry":{"type":"Point","coordinates":[90.6380865942937,25.30545565318403]},"id":"00000000000000000381","properties":{"class":1,"geom_type":null}},{"type":"Feature","geometry":{"type":"Point","coordinates":[90.6375103771291,25.305158707684864]},"id":"00000000000000000382","properties":{"class":1,"geom_type":null}},{"type":"Feature","geometry":{"type":"Point","coordinates":[90.58016456656149,25.297294027306393]},"id":"00000000000000000383","properties":{"class":1,"geom_type":null}},{"type":"Feature","geometry":{"type":"Point","coordinates":[90.57980092202305,25.296650289268086]},"id":"00000000000000000384","properties":{"class":1,"geom_type":null}},{"type":"Feature","geometry":{"type":"Point","coordinates":[92.45830585209565,25.639628213556605]},"id":"00000000000000000385","properties":{"class":1,"geom_type":null}},{"type":"Feature","geometry":{"type":"Point","coordinates":[92.45936266978636,25.640581290871854]},"id":"00000000000000000386","properties":{"class":1,"geom_type":null}},{"type":"Feature","geometry":{"type":"Point","coordinates":[92.47251893985957,25.643327854894945]},"id":"00000000000000000387","properties":{"class":1,"geom_type":null}},{"type":"Feature","geometry":{"type":"Point","coordinates":[92.47277051474585,25.643492968251707]},"id":"00000000000000000388","properties":{"class":1,"geom_type":null}},{"type":"Feature","geometry":{"type":"Point","coordinates":[92.45042302443807,25.63569731476687]},"id":"00000000000000000389","properties":{"class":1,"geom_type":null}},{"type":"Feature","geometry":{"type":"Point","coordinates":[92.45089164715174,25.635204769059282]},"id":"0000000000000000038a","properties":{"class":1,"geom_type":null}},{"type":"Feature","geometry":{"type":"Point","coordinates":[92.4271307537848,25.62795547383068]},"id":"0000000000000000038b","properties":{"class":1,"geom_type":null}},{"type":"Feature","geometry":{"type":"Point","coordinates":[92.42559096056658,25.628800454198807]},"id":"0000000000000000038c","properties":{"class":1,"geom_type":null}},{"type":"Feature","geometry":{"type":"Point","coordinates":[92.36431515987437,25.62968948811834]},"id":"0000000000000000038d","properties":{"class":1,"geom_type":null}},{"type":"Feature","geometry":{"type":"Point","coordinates":[92.36653400707422,25.62906580844154]},"id":"0000000000000000038e","properties":{"class":1,"geom_type":null}},{"type":"Feature","geometry":{"type":"Point","coordinates":[90.66907478630378,25.27506763165975]},"id":"0000000000000000038f","properties":{"class":2,"geom_type":null}},{"type":"Feature","geometry":{"type":"Point","coordinates":[90.67116980216163,25.27406752662531]},"id":"00000000000000000390","properties":{"class":2,"geom_type":null}},{"type":"Feature","geometry":{"type":"Point","coordinates":[90.66022853959406,25.27144540765897]},"id":"00000000000000000391","properties":{"class":2,"geom_type":null}},{"type":"Feature","geometry":{"type":"Point","coordinates":[90.6597788126698,25.27127877326359]},"id":"00000000000000000392","properties":{"class":2,"geom_type":null}},{"type":"Feature","geometry":{"type":"Point","coordinates":[90.66284826902697,25.27167966560076]},"id":"00000000000000000393","properties":{"class":2,"geom_type":null}},{"type":"Feature","geometry":{"type":"Point","coordinates":[90.66245480217947,25.270956178082784]},"id":"00000000000000000394","properties":{"class":2,"geom_type":null}},{"type":"Feature","geometry":{"type":"Point","coordinates":[90.69707353216725,25.27673899398363]},"id":"00000000000000000395","properties":{"class":2,"geom_type":null}},{"type":"Feature","geometry":{"type":"Point","coordinates":[90.69686166231692,25.277700737219888]},"id":"00000000000000000396","properties":{"class":2,"geom_type":null}},{"type":"Feature","geometry":{"type":"Point","coordinates":[90.676186377957,25.276055073782917]},"id":"00000000000000000397","properties":{"class":2,"geom_type":null}},{"type":"Feature","geometry":{"type":"Point","coordinates":[90.67740634950972,25.276061513582682]},"id":"00000000000000000398","properties":{"class":2,"geom_type":null}},{"type":"Feature","geometry":{"type":"Point","coordinates":[90.6534087751573,25.290848779365994]},"id":"00000000000000000399","properties":{"class":2,"geom_type":null}},{"type":"Feature","geometry":{"type":"Point","coordinates":[90.65125858747778,25.288550800584233]},"id":"0000000000000000039a","properties":{"class":2,"geom_type":null}},{"type":"Feature","geometry":{"type":"Point","coordinates":[90.65947500317981,25.31040540074458]},"id":"0000000000000000039b","properties":{"class":2,"geom_type":null}},{"type":"Feature","geometry":{"type":"Point","coordinates":[90.65917703963163,25.312455465077054]},"id":"0000000000000000039c","properties":{"class":2,"geom_type":null}},{"type":"Feature","geometry":{"type":"Point","coordinates":[90.66407247300964,25.288214337631832]},"id":"0000000000000000039d","properties":{"class":2,"geom_type":null}},{"type":"Feature","geometry":{"type":"Point","coordinates":[90.66952912723643,25.287614831382683]},"id":"0000000000000000039e","properties":{"class":2,"geom_type":null}},{"type":"Feature","geometry":{"type":"Point","coordinates":[90.69129614501085,25.438092704096125]},"id":"0000000000000000039f","properties":{"class":2,"geom_type":null}},{"type":"Feature","geometry":{"type":"Point","coordinates":[90.69167303807117,25.437699973512185]},"id":"000000000000000003a0","properties":{"class":2,"geom_type":null}},{"type":"Feature","geometry":{"type":"Point","coordinates":[90.68644121573477,25.438317494996014]},"id":"000000000000000003a1","properties":{"class":2,"geom_type":null}},{"type":"Feature","geometry":{"type":"Point","coordinates":[90.69123932687269,25.43905840516133]},"id":"000000000000000003a2","properties":{"class":2,"geom_type":null}},{"type":"Feature","geometry":{"type":"Point","coordinates":[90.69715118251226,25.438898987845786]},"id":"000000000000000003a3","properties":{"class":2,"geom_type":null}},{"type":"Feature","geometry":{"type":"Point","coordinates":[90.70167406921313,25.44025800877484]},"id":"000000000000000003a4","properties":{"class":2,"geom_type":null}},{"type":"Feature","geometry":{"type":"Point","coordinates":[90.69036138917107,25.44050484231275]},"id":"000000000000000003a5","properties":{"class":2,"geom_type":null}},{"type":"Feature","geometry":{"type":"Point","coordinates":[90.6854305848365,25.438836092884515]},"id":"000000000000000003a6","properties":{"class":2,"geom_type":null}},{"type":"Feature","geometry":{"type":"Point","coordinates":[90.67936352014985,25.441284342230944]},"id":"000000000000000003a7","properties":{"class":2,"geom_type":null}},{"type":"Feature","geometry":{"type":"Point","coordinates":[90.67870131820422,25.441489625803634]},"id":"000000000000000003a8","properties":{"class":2,"geom_type":null}},{"type":"Feature","geometry":{"type":"Point","coordinates":[90.68027424238423,25.441527689499754]},"id":"000000000000000003a9","properties":{"class":2,"geom_type":null}},{"type":"Feature","geometry":{"type":"Point","coordinates":[90.68066124510595,25.441330247823885]},"id":"000000000000000003aa","properties":{"class":2,"geom_type":null}},{"type":"Feature","geometry":{"type":"Point","coordinates":[90.6836419731481,25.441484755811825]},"id":"000000000000000003ab","properties":{"class":2,"geom_type":null}},{"type":"Feature","geometry":{"type":"Point","coordinates":[90.68158495840254,25.440557422982717]},"id":"000000000000000003ac","properties":{"class":2,"geom_type":null}},{"type":"Feature","geometry":{"type":"Point","coordinates":[90.68315244111739,25.440040083753996]},"id":"000000000000000003ad","properties":{"class":2,"geom_type":null}},{"type":"Feature","geometry":{"type":"Point","coordinates":[90.68325559420991,25.440860451941155]},"id":"000000000000000003ae","properties":{"class":2,"geom_type":null}},{"type":"Feature","geometry":{"type":"Point","coordinates":[90.6806372386019,25.439611701125347]},"id":"000000000000000003af","properties":{"class":2,"geom_type":null}},{"type":"Feature","geometry":{"type":"Point","coordinates":[90.68093572525711,25.439782427238907]},"id":"000000000000000003b0","properties":{"class":2,"geom_type":null}},{"type":"Feature","geometry":{"type":"Point","coordinates":[90.67832953862198,25.439242443246247]},"id":"000000000000000003b1","properties":{"class":2,"geom_type":null}},{"type":"Feature","geometry":{"type":"Point","coordinates":[90.67795271587562,25.439011011327835]},"id":"000000000000000003b2","properties":{"class":2,"geom_type":null}},{"type":"Feature","geometry":{"type":"Point","coordinates":[90.67332512225511,25.438874248048602]},"id":"000000000000000003b3","properties":{"class":2,"geom_type":null}},{"type":"Feature","geometry":{"type":"Point","coordinates":[90.67365192915602,25.43930319214064]},"id":"000000000000000003b4","properties":{"class":2,"geom_type":null}},{"type":"Feature","geometry":{"type":"Point","coordinates":[90.67000393357816,25.439656431704297]},"id":"000000000000000003b5","properties":{"class":2,"geom_type":null}},{"type":"Feature","geometry":{"type":"Point","coordinates":[90.66998582320586,25.438934728020847]},"id":"000000000000000003b6","properties":{"class":2,"geom_type":null}},{"type":"Feature","geometry":{"type":"Point","coordinates":[90.67162692830736,25.439670381232915]},"id":"000000000000000003b7","properties":{"class":2,"geom_type":null}},{"type":"Feature","geometry":{"type":"Point","coordinates":[90.67198203310039,25.43971755378992]},"id":"000000000000000003b8","properties":{"class":2,"geom_type":null}},{"type":"Feature","geometry":{"type":"Point","coordinates":[90.66897236717966,25.44085334917202]},"id":"000000000000000003b9","properties":{"class":2,"geom_type":null}},{"type":"Feature","geometry":{"type":"Point","coordinates":[90.66748876435116,25.440284014940666]},"id":"000000000000000003ba","properties":{"class":2,"geom_type":null}},{"type":"Feature","geometry":{"type":"Point","coordinates":[90.6686919997471,25.440083366717264]},"id":"000000000000000003bb","properties":{"class":2,"geom_type":null}},{"type":"Feature","geometry":{"type":"Point","coordinates":[90.6686289679933,25.440175197162205]},"id":"000000000000000003bc","properties":{"class":2,"geom_type":null}},{"type":"Feature","geometry":{"type":"Point","coordinates":[90.66736694876919,25.44091995519491]},"id":"000000000000000003bd","properties":{"class":2,"geom_type":null}},{"type":"Feature","geometry":{"type":"Point","coordinates":[90.66689127181775,25.441289327494673]},"id":"000000000000000003be","properties":{"class":2,"geom_type":null}},{"type":"Feature","geometry":{"type":"Point","coordinates":[90.66817241156987,25.437895904953585]},"id":"000000000000000003bf","properties":{"class":2,"geom_type":null}},{"type":"Feature","geometry":{"type":"Point","coordinates":[90.66711670083825,25.43616516070172]},"id":"000000000000000003c0","properties":{"class":2,"geom_type":null}},{"type":"Feature","geometry":{"type":"Point","coordinates":[90.63383697165041,25.42689093841674]},"id":"000000000000000003c1","properties":{"class":2,"geom_type":null}},{"type":"Feature","geometry":{"type":"Point","coordinates":[90.63565294399106,25.42644561656849]},"id":"000000000000000003c2","properties":{"class":2,"geom_type":null}},{"type":"Feature","geometry":{"type":"Point","coordinates":[90.6313108568289,25.42492785225525]},"id":"000000000000000003c3","properties":{"class":2,"geom_type":null}},{"type":"Feature","geometry":{"type":"Point","coordinates":[90.63121985905535,25.424500702079943]},"id":"000000000000000003c4","properties":{"class":2,"geom_type":null}},{"type":"Feature","geometry":{"type":"Point","coordinates":[90.63127138822969,25.425729974092018]},"id":"000000000000000003c5","properties":{"class":2,"geom_type":null}},{"type":"Feature","geometry":{"type":"Point","coordinates":[90.63141767392317,25.425373291467956]},"id":"000000000000000003c6","properties":{"class":2,"geom_type":null}},{"type":"Feature","geometry":{"type":"Point","coordinates":[90.63073335095575,25.42619675589664]},"id":"000000000000000003c7","properties":{"class":2,"geom_type":null}},{"type":"Feature","geometry":{"type":"Point","coordinates":[90.6307960590742,25.4251950502093]},"id":"000000000000000003c8","properties":{"class":2,"geom_type":null}},{"type":"Feature","geometry":{"type":"Point","coordinates":[90.62987987273642,25.42723009168401]},"id":"000000000000000003c9","properties":{"class":2,"geom_type":null}},{"type":"Feature","geometry":{"type":"Point","coordinates":[90.62962729594544,25.427629554766778]},"id":"000000000000000003ca","properties":{"class":2,"geom_type":null}},{"type":"Feature","geometry":{"type":"Point","coordinates":[90.6286548101636,25.427107722611034]},"id":"000000000000000003cb","properties":{"class":2,"geom_type":null}},{"type":"Feature","geometry":{"type":"Point","coordinates":[90.62928842790284,25.42742837413068]},"id":"000000000000000003cc","properties":{"class":2,"geom_type":null}},{"type":"Feature","geometry":{"type":"Point","coordinates":[90.64756811371191,25.439247661403392]},"id":"000000000000000003cd","properties":{"class":2,"geom_type":null}},{"type":"Feature","geometry":{"type":"Point","coordinates":[90.64932729867363,25.441731562582707]},"id":"000000000000000003ce","properties":{"class":2,"geom_type":null}},{"type":"Feature","geometry":{"type":"Point","coordinates":[90.63513080876216,25.44099523235435]},"id":"000000000000000003cf","properties":{"class":2,"geom_type":null}},{"type":"Feature","geometry":{"type":"Point","coordinates":[90.6346788721194,25.439721485415035]},"id":"000000000000000003d0","properties":{"class":2,"geom_type":null}},{"type":"Feature","geometry":{"type":"Point","coordinates":[90.6409938983138,25.439691033554457]},"id":"000000000000000003d1","properties":{"class":2,"geom_type":null}},{"type":"Feature","geometry":{"type":"Point","coordinates":[90.64147865301071,25.43776148526082]},"id":"000000000000000003d2","properties":{"class":2,"geom_type":null}},{"type":"Feature","geometry":{"type":"Point","coordinates":[90.64043797887904,25.44051730380034]},"id":"000000000000000003d3","properties":{"class":2,"geom_type":null}},{"type":"Feature","geometry":{"type":"Point","coordinates":[90.63984242815226,25.44015506586073]},"id":"000000000000000003d4","properties":{"class":2,"geom_type":null}},{"type":"Feature","geometry":{"type":"Point","coordinates":[90.64134445651514,25.44279428509596]},"id":"000000000000000003d5","properties":{"class":2,"geom_type":null}},{"type":"Feature","geometry":{"type":"Point","coordinates":[90.64116472582334,25.443241377643705]},"id":"000000000000000003d6","properties":{"class":2,"geom_type":null}},{"type":"Feature","geometry":{"type":"Point","coordinates":[90.64354913268558,25.44394594964783]},"id":"000000000000000003d7","properties":{"class":2,"geom_type":null}},{"type":"Feature","geometry":{"type":"Point","coordinates":[90.64426978103768,25.44447873580148]},"id":"000000000000000003d8","properties":{"class":2,"geom_type":null}},{"type":"Feature","geometry":{"type":"Point","coordinates":[90.63830562714922,25.442955759466702]},"id":"000000000000000003d9","properties":{"class":2,"geom_type":null}},{"type":"Feature","geometry":{"type":"Point","coordinates":[90.6395239801262,25.442564376304016]},"id":"000000000000000003da","properties":{"class":2,"geom_type":null}},{"type":"Feature","geometry":{"type":"Point","coordinates":[90.64524804958586,25.434754095256796]},"id":"000000000000000003db","properties":{"class":2,"geom_type":null}},{"type":"Feature","geometry":{"type":"Point","coordinates":[90.64525712864877,25.436254745306506]},"id":"000000000000000003dc","properties":{"class":2,"geom_type":null}},{"type":"Feature","geometry":{"type":"Point","coordinates":[90.65121239978639,25.4339584976538]},"id":"000000000000000003dd","properties":{"class":2,"geom_type":null}},{"type":"Feature","geometry":{"type":"Point","coordinates":[90.65236420198866,25.434248990547037]},"id":"000000000000000003de","properties":{"class":2,"geom_type":null}},{"type":"Feature","geometry":{"type":"Point","coordinates":[90.6345497683226,25.434682097496264]},"id":"000000000000000003df","properties":{"class":2,"geom_type":null}},{"type":"Feature","geometry":{"type":"Point","coordinates":[90.63359803873126,25.4352054860146]},"id":"000000000000000003e0","properties":{"class":2,"geom_type":null}},{"type":"Feature","geometry":{"type":"Point","coordinates":[90.63672703492537,25.436356060863275]},"id":"000000000000000003e1","properties":{"class":2,"geom_type":null}},{"type":"Feature","geometry":{"type":"Point","coordinates":[90.63601187657078,25.43631846770375]},"id":"000000000000000003e2","properties":{"class":2,"geom_type":null}},{"type":"Feature","geometry":{"type":"Point","coordinates":[90.63785132923076,25.436692493802337]},"id":"000000000000000003e3","properties":{"class":2,"geom_type":null}},{"type":"Feature","geometry":{"type":"Point","coordinates":[90.63889716520009,25.43717496082326]},"id":"000000000000000003e4","properties":{"class":2,"geom_type":null}},{"type":"Feature","geometry":{"type":"Point","coordinates":[90.64060912581495,25.431656606117397]},"id":"000000000000000003e5","properties":{"class":2,"geom_type":null}},{"type":"Feature","geometry":{"type":"Point","coordinates":[90.64103237723417,25.4312483059494]},"id":"000000000000000003e6","properties":{"class":2,"geom_type":null}},{"type":"Feature","geometry":{"type":"Point","coordinates":[90.56546253788552,25.391591392796254]},"id":"000000000000000003e7","properties":{"class":2,"geom_type":null}},{"type":"Feature","geometry":{"type":"Point","coordinates":[90.565277213735,25.392390476681282]},"id":"000000000000000003e8","properties":{"class":2,"geom_type":null}},{"type":"Feature","geometry":{"type":"Point","coordinates":[90.57363482387345,25.394610344941565]},"id":"000000000000000003e9","properties":{"class":2,"geom_type":null}},{"type":"Feature","geometry":{"type":"Point","coordinates":[90.57085470075789,25.394182997067833]},"id":"000000000000000003ea","properties":{"class":2,"geom_type":null}},{"type":"Feature","geometry":{"type":"Point","coordinates":[90.58790702502745,25.379307382977814]},"id":"000000000000000003eb","properties":{"class":2,"geom_type":null}},{"type":"Feature","geometry":{"type":"Point","coordinates":[90.58968835732499,25.381204784715322]},"id":"000000000000000003ec","properties":{"class":2,"geom_type":null}},{"type":"Feature","geometry":{"type":"Point","coordinates":[90.58005898832938,25.378221814922597]},"id":"000000000000000003ed","properties":{"class":2,"geom_type":null}},{"type":"Feature","geometry":{"type":"Point","coordinates":[90.58034706116244,25.37741769730535]},"id":"000000000000000003ee","properties":{"class":2,"geom_type":null}},{"type":"Feature","geometry":{"type":"Point","coordinates":[90.57737647808743,25.37812471361253]},"id":"000000000000000003ef","properties":{"class":2,"geom_type":null}},{"type":"Feature","geometry":{"type":"Point","coordinates":[90.57625349055135,25.37930604377248]},"id":"000000000000000003f0","properties":{"class":2,"geom_type":null}},{"type":"Feature","geometry":{"type":"Point","coordinates":[90.5717268555465,25.3788604655983]},"id":"000000000000000003f1","properties":{"class":2,"geom_type":null}},{"type":"Feature","geometry":{"type":"Point","coordinates":[90.5712302154427,25.37886369931938]},"id":"000000000000000003f2","properties":{"class":2,"geom_type":null}},{"type":"Feature","geometry":{"type":"Point","coordinates":[90.57816850715191,25.374900730984855]},"id":"000000000000000003f3","properties":{"class":2,"geom_type":null}},{"type":"Feature","geometry":{"type":"Point","coordinates":[90.57779277456441,25.375214516377675]},"id":"000000000000000003f4","properties":{"class":2,"geom_type":null}},{"type":"Feature","geometry":{"type":"Point","coordinates":[90.57526858546461,25.37468087325395]},"id":"000000000000000003f5","properties":{"class":2,"geom_type":null}},{"type":"Feature","geometry":{"type":"Point","coordinates":[90.57543318807618,25.374573862945503]},"id":"000000000000000003f6","properties":{"class":2,"geom_type":null}},{"type":"Feature","geometry":{"type":"Point","coordinates":[90.58504789052732,25.379542121388525]},"id":"000000000000000003f7","properties":{"class":2,"geom_type":null}},{"type":"Feature","geometry":{"type":"Point","coordinates":[90.58448667107318,25.378556017375455]},"id":"000000000000000003f8","properties":{"class":2,"geom_type":null}},{"type":"Feature","geometry":{"type":"Point","coordinates":[90.56106433617185,25.3655734012105]},"id":"000000000000000003f9","properties":{"class":2,"geom_type":null}},{"type":"Feature","geometry":{"type":"Point","coordinates":[90.56027667024448,25.36442026912247]},"id":"000000000000000003fa","properties":{"class":2,"geom_type":null}},{"type":"Feature","geometry":{"type":"Point","coordinates":[90.57270117536325,25.367429239092665]},"id":"000000000000000003fb","properties":{"class":2,"geom_type":null}},{"type":"Feature","geometry":{"type":"Point","coordinates":[90.57074825900786,25.366585550225402]},"id":"000000000000000003fc","properties":{"class":2,"geom_type":null}},{"type":"Feature","geometry":{"type":"Point","coordinates":[90.57072816268946,25.372099802224312]},"id":"000000000000000003fd","properties":{"class":2,"geom_type":null}},{"type":"Feature","geometry":{"type":"Point","coordinates":[90.57206085625072,25.37336614647035]},"id":"000000000000000003fe","properties":{"class":2,"geom_type":null}},{"type":"Feature","geometry":{"type":"Point","coordinates":[90.56560241254813,25.37031893351563]},"id":"000000000000000003ff","properties":{"class":2,"geom_type":null}},{"type":"Feature","geometry":{"type":"Point","coordinates":[90.56531298475501,25.370815869594917]},"id":"00000000000000000400","properties":{"class":2,"geom_type":null}},{"type":"Feature","geometry":{"type":"Point","coordinates":[90.56525219446213,25.369091266219293]},"id":"00000000000000000401","properties":{"class":2,"geom_type":null}},{"type":"Feature","geometry":{"type":"Point","coordinates":[90.56556869326079,25.369370935527275]},"id":"00000000000000000402","properties":{"class":2,"geom_type":null}},{"type":"Feature","geometry":{"type":"Point","coordinates":[90.56288957290442,25.36825831856197]},"id":"00000000000000000403","properties":{"class":2,"geom_type":null}},{"type":"Feature","geometry":{"type":"Point","coordinates":[90.56319759519857,25.368047339136982]},"id":"00000000000000000404","properties":{"class":2,"geom_type":null}},{"type":"Feature","geometry":{"type":"Point","coordinates":[90.56159276482161,25.37136148377821]},"id":"00000000000000000405","properties":{"class":2,"geom_type":null}},{"type":"Feature","geometry":{"type":"Point","coordinates":[90.56244521846641,25.372159163653738]},"id":"00000000000000000406","properties":{"class":2,"geom_type":null}},{"type":"Feature","geometry":{"type":"Point","coordinates":[90.56395259151621,25.371913212866783]},"id":"00000000000000000407","properties":{"class":2,"geom_type":null}},{"type":"Feature","geometry":{"type":"Point","coordinates":[90.56308111863419,25.369644175753987]},"id":"00000000000000000408","properties":{"class":2,"geom_type":null}},{"type":"Feature","geometry":{"type":"Point","coordinates":[90.54032389232347,25.38477847201009]},"id":"00000000000000000409","properties":{"class":2,"geom_type":null}},{"type":"Feature","geometry":{"type":"Point","coordinates":[90.53826923641093,25.385549218171185]},"id":"0000000000000000040a","properties":{"class":2,"geom_type":null}},{"type":"Feature","geometry":{"type":"Point","coordinates":[90.53736771046437,25.36847535758979]},"id":"0000000000000000040b","properties":{"class":2,"geom_type":null}},{"type":"Feature","geometry":{"type":"Point","coordinates":[90.53541865104327,25.371950820276737]},"id":"0000000000000000040c","properties":{"class":2,"geom_type":null}},{"type":"Feature","geometry":{"type":"Point","coordinates":[90.53728181237943,25.392405449901755]},"id":"0000000000000000040d","properties":{"class":2,"geom_type":null}},{"type":"Feature","geometry":{"type":"Point","coordinates":[90.5372912760123,25.394097638106153]},"id":"0000000000000000040e","properties":{"class":2,"geom_type":null}},{"type":"Feature","geometry":{"type":"Point","coordinates":[90.52330948816416,25.376737949132277]},"id":"0000000000000000040f","properties":{"class":2,"geom_type":null}},{"type":"Feature","geometry":{"type":"Point","coordinates":[90.52280417627992,25.37713898423576]},"id":"00000000000000000410","properties":{"class":2,"geom_type":null}},{"type":"Feature","geometry":{"type":"Point","coordinates":[90.52858674705898,25.369934963691954]},"id":"00000000000000000411","properties":{"class":2,"geom_type":null}},{"type":"Feature","geometry":{"type":"Point","coordinates":[90.53066303549201,25.371611571654636]},"id":"00000000000000000412","properties":{"class":2,"geom_type":null}},{"type":"Feature","geometry":{"type":"Point","coordinates":[90.5329270583926,25.37063460850015]},"id":"00000000000000000413","properties":{"class":2,"geom_type":null}},{"type":"Feature","geometry":{"type":"Point","coordinates":[90.53334692528215,25.370870717774036]},"id":"00000000000000000414","properties":{"class":2,"geom_type":null}},{"type":"Feature","geometry":{"type":"Point","coordinates":[90.5308969227916,25.372592704643424]},"id":"00000000000000000415","properties":{"class":2,"geom_type":null}},{"type":"Feature","geometry":{"type":"Point","coordinates":[90.53071883677259,25.372160869774852]},"id":"00000000000000000416","properties":{"class":2,"geom_type":null}},{"type":"Feature","geometry":{"type":"Point","coordinates":[90.59181035926193,25.27636438531884]},"id":"00000000000000000417","properties":{"class":2,"geom_type":null}},{"type":"Feature","geometry":{"type":"Point","coordinates":[90.59165849423577,25.2762317446916]},"id":"00000000000000000418","properties":{"class":2,"geom_type":null}},{"type":"Feature","geometry":{"type":"Point","coordinates":[90.59463684720488,25.276234178302488]},"id":"00000000000000000419","properties":{"class":2,"geom_type":null}},{"type":"Feature","geometry":{"type":"Point","coordinates":[90.59538504283948,25.277054066568727]},"id":"0000000000000000041a","properties":{"class":2,"geom_type":null}},{"type":"Feature","geometry":{"type":"Point","coordinates":[90.59343804437603,25.274835875810236]},"id":"0000000000000000041b","properties":{"class":2,"geom_type":null}},{"type":"Feature","geometry":{"type":"Point","coordinates":[90.59295729068717,25.27594033004322]},"id":"0000000000000000041c","properties":{"class":2,"geom_type":null}},{"type":"Feature","geometry":{"type":"Point","coordinates":[90.58831144389265,25.277368127814317]},"id":"0000000000000000041d","properties":{"class":2,"geom_type":null}},{"type":"Feature","geometry":{"type":"Point","coordinates":[90.58793609379437,25.27764314211987]},"id":"0000000000000000041e","properties":{"class":2,"geom_type":null}},{"type":"Feature","geometry":{"type":"Point","coordinates":[90.60023698870407,25.279765627497984]},"id":"0000000000000000041f","properties":{"class":2,"geom_type":null}},{"type":"Feature","geometry":{"type":"Point","coordinates":[90.59951328132352,25.279032526679444]},"id":"00000000000000000420","properties":{"class":2,"geom_type":null}},{"type":"Feature","geometry":{"type":"Point","coordinates":[90.59801964165045,25.28026103575109]},"id":"00000000000000000421","properties":{"class":2,"geom_type":null}},{"type":"Feature","geometry":{"type":"Point","coordinates":[90.59778169316571,25.28033814558101]},"id":"00000000000000000422","properties":{"class":2,"geom_type":null}},{"type":"Feature","geometry":{"type":"Point","coordinates":[90.59330319202185,25.27923495264512]},"id":"00000000000000000423","properties":{"class":2,"geom_type":null}},{"type":"Feature","geometry":{"type":"Point","coordinates":[90.59532101282664,25.27963928545774]},"id":"00000000000000000424","properties":{"class":2,"geom_type":null}},{"type":"Feature","geometry":{"type":"Point","coordinates":[90.59419829639565,25.277083500809407]},"id":"00000000000000000425","properties":{"class":2,"geom_type":null}},{"type":"Feature","geometry":{"type":"Point","coordinates":[90.5935149950796,25.276966772691324]},"id":"00000000000000000426","properties":{"class":2,"geom_type":null}},{"type":"Feature","geometry":{"type":"Point","coordinates":[90.59601838392828,25.2778265890896]},"id":"00000000000000000427","properties":{"class":2,"geom_type":null}},{"type":"Feature","geometry":{"type":"Point","coordinates":[90.5958211812852,25.277499423209576]},"id":"00000000000000000428","properties":{"class":2,"geom_type":null}},{"type":"Feature","geometry":{"type":"Point","coordinates":[90.66450792314981,25.426529697941834]},"id":"00000000000000000429","properties":{"class":2,"geom_type":null}},{"type":"Feature","geometry":{"type":"Point","coordinates":[90.66402236222959,25.426151905005348]},"id":"0000000000000000042a","properties":{"class":2,"geom_type":null}},{"type":"Feature","geometry":{"type":"Point","coordinates":[90.65565609624701,25.428936685374083]},"id":"0000000000000000042b","properties":{"class":2,"geom_type":null}},{"type":"Feature","geometry":{"type":"Point","coordinates":[90.65520521724207,25.428865387586043]},"id":"0000000000000000042c","properties":{"class":2,"geom_type":null}},{"type":"Feature","geometry":{"type":"Point","coordinates":[90.66467631046142,25.429285945074835]},"id":"0000000000000000042d","properties":{"class":2,"geom_type":null}},{"type":"Feature","geometry":{"type":"Point","coordinates":[90.66476666836411,25.42922685781333]},"id":"0000000000000000042e","properties":{"class":2,"geom_type":null}},{"type":"Feature","geometry":{"type":"Point","coordinates":[90.66515435390141,25.428237061200214]},"id":"0000000000000000042f","properties":{"class":2,"geom_type":null}},{"type":"Feature","geometry":{"type":"Point","coordinates":[90.66515755196045,25.42840238310697]},"id":"00000000000000000430","properties":{"class":2,"geom_type":null}},{"type":"Feature","geometry":{"type":"Point","coordinates":[90.60475061271235,25.435481862497355]},"id":"00000000000000000431","properties":{"class":2,"geom_type":null}},{"type":"Feature","geometry":{"type":"Point","coordinates":[90.60381859706274,25.435671953183853]},"id":"00000000000000000432","properties":{"class":2,"geom_type":null}},{"type":"Feature","geometry":{"type":"Point","coordinates":[90.60265417669814,25.433578127008257]},"id":"00000000000000000433","properties":{"class":2,"geom_type":null}},{"type":"Feature","geometry":{"type":"Point","coordinates":[90.60285209233918,25.433350814421324]},"id":"00000000000000000434","properties":{"class":2,"geom_type":null}},{"type":"Feature","geometry":{"type":"Point","coordinates":[90.5932025420078,25.438661512145696]},"id":"00000000000000000435","properties":{"class":2,"geom_type":null}},{"type":"Feature","geometry":{"type":"Point","coordinates":[90.59300479219834,25.438865429564416]},"id":"00000000000000000436","properties":{"class":2,"geom_type":null}},{"type":"Feature","geometry":{"type":"Point","coordinates":[90.58912198888429,25.439318621066164]},"id":"00000000000000000437","properties":{"class":2,"geom_type":null}},{"type":"Feature","geometry":{"type":"Point","coordinates":[90.58914439467965,25.439421593717622]},"id":"00000000000000000438","properties":{"class":2,"geom_type":null}},{"type":"Feature","geometry":{"type":"Point","coordinates":[90.59057520208962,25.44016541055352]},"id":"00000000000000000439","properties":{"class":2,"geom_type":null}},{"type":"Feature","geometry":{"type":"Point","coordinates":[90.59148538969652,25.439537489269693]},"id":"0000000000000000043a","properties":{"class":2,"geom_type":null}},{"type":"Feature","geometry":{"type":"Point","coordinates":[90.59252624828417,25.43473795114375]},"id":"0000000000000000043b","properties":{"class":2,"geom_type":null}},{"type":"Feature","geometry":{"type":"Point","coordinates":[90.59233705988197,25.434264489939256]},"id":"0000000000000000043c","properties":{"class":2,"geom_type":null}},{"type":"Feature","geometry":{"type":"Point","coordinates":[90.61369131522127,25.30613039295658]},"id":"0000000000000000043d","properties":{"class":2,"geom_type":null}},{"type":"Feature","geometry":{"type":"Point","coordinates":[90.61184147635039,25.305539375964848]},"id":"0000000000000000043e","properties":{"class":2,"geom_type":null}},{"type":"Feature","geometry":{"type":"Point","coordinates":[90.60330558412683,25.312116771547007]},"id":"0000000000000000043f","properties":{"class":2,"geom_type":null}},{"type":"Feature","geometry":{"type":"Point","coordinates":[90.60885426734546,25.310746183301035]},"id":"00000000000000000440","properties":{"class":2,"geom_type":null}},{"type":"Feature","geometry":{"type":"Point","coordinates":[90.64818310602206,25.292567610441267]},"id":"00000000000000000441","properties":{"class":2,"geom_type":null}},{"type":"Feature","geometry":{"type":"Point","coordinates":[90.65489198662108,25.292767386776273]},"id":"00000000000000000442","properties":{"class":2,"geom_type":null}},{"type":"Feature","geometry":{"type":"Point","coordinates":[90.64342477063151,25.297898611969813]},"id":"00000000000000000443","properties":{"class":2,"geom_type":null}},{"type":"Feature","geometry":{"type":"Point","coordinates":[90.64352093147683,25.294281995591835]},"id":"00000000000000000444","properties":{"class":2,"geom_type":null}},{"type":"Feature","geometry":{"type":"Point","coordinates":[90.63627130701435,25.31273502335547]},"id":"00000000000000000445","properties":{"class":2,"geom_type":null}},{"type":"Feature","geometry":{"type":"Point","coordinates":[90.63566551344469,25.312834191555606]},"id":"00000000000000000446","properties":{"class":2,"geom_type":null}},{"type":"Feature","geometry":{"type":"Point","coordinates":[90.6302480893638,25.31268873531351]},"id":"00000000000000000447","properties":{"class":2,"geom_type":null}},{"type":"Feature","geometry":{"type":"Point","coordinates":[90.62944714163571,25.311664833116936]},"id":"00000000000000000448","properties":{"class":2,"geom_type":null}},{"type":"Feature","geometry":{"type":"Point","coordinates":[90.62578503372751,25.310792568030415]},"id":"00000000000000000449","properties":{"class":2,"geom_type":null}},{"type":"Feature","geometry":{"type":"Point","coordinates":[90.6260576901665,25.31096833640151]},"id":"0000000000000000044a","properties":{"class":2,"geom_type":null}},{"type":"Feature","geometry":{"type":"Point","coordinates":[90.62726710308831,25.31101448851161]},"id":"0000000000000000044b","properties":{"class":2,"geom_type":null}},{"type":"Feature","geometry":{"type":"Point","coordinates":[90.62716715177132,25.31072115405599]},"id":"0000000000000000044c","properties":{"class":2,"geom_type":null}},{"type":"Feature","geometry":{"type":"Point","coordinates":[90.62793580230112,25.31058267194093]},"id":"0000000000000000044d","properties":{"class":2,"geom_type":null}},{"type":"Feature","geometry":{"type":"Point","coordinates":[90.62794066300224,25.310513646754263]},"id":"0000000000000000044e","properties":{"class":2,"geom_type":null}},{"type":"Feature","geometry":{"type":"Point","coordinates":[90.54252652965752,25.317010799471955]},"id":"0000000000000000044f","properties":{"class":2,"geom_type":null}},{"type":"Feature","geometry":{"type":"Point","coordinates":[90.54333371668483,25.319122589452984]},"id":"00000000000000000450","properties":{"class":2,"geom_type":null}},{"type":"Feature","geometry":{"type":"Point","coordinates":[92.39314118450955,25.381212795028805]},"id":"00000000000000000451","properties":{"class":2,"geom_type":null}},{"type":"Feature","geometry":{"type":"Point","coordinates":[92.39331553914795,25.380921597100965]},"id":"00000000000000000452","properties":{"class":2,"geom_type":null}},{"type":"Feature","geometry":{"type":"Point","coordinates":[92.3899971303271,25.38333423938145]},"id":"00000000000000000453","properties":{"class":2,"geom_type":null}},{"type":"Feature","geometry":{"type":"Point","coordinates":[92.38968464507839,25.383269179969812]},"id":"00000000000000000454","properties":{"class":2,"geom_type":null}},{"type":"Feature","geometry":{"type":"Point","coordinates":[92.38674454660146,25.38657300203093]},"id":"00000000000000000455","properties":{"class":2,"geom_type":null}},{"type":"Feature","geometry":{"type":"Point","coordinates":[92.38671346093669,25.386676426598864]},"id":"00000000000000000456","properties":{"class":2,"geom_type":null}},{"type":"Feature","geometry":{"type":"Point","coordinates":[92.391419302382,25.388997103999735]},"id":"00000000000000000457","properties":{"class":2,"geom_type":null}},{"type":"Feature","geometry":{"type":"Point","coordinates":[92.39138703034229,25.388609629430608]},"id":"00000000000000000458","properties":{"class":2,"geom_type":null}},{"type":"Feature","geometry":{"type":"Point","coordinates":[92.40902106638323,25.383921806663068]},"id":"00000000000000000459","properties":{"class":2,"geom_type":null}},{"type":"Feature","geometry":{"type":"Point","coordinates":[92.40884319278567,25.3839087106651]},"id":"0000000000000000045a","properties":{"class":2,"geom_type":null}},{"type":"Feature","geometry":{"type":"Point","coordinates":[92.40232783980703,25.36762155203648]},"id":"0000000000000000045b","properties":{"class":2,"geom_type":null}},{"type":"Feature","geometry":{"type":"Point","coordinates":[92.40184166722632,25.367338161094775]},"id":"0000000000000000045c","properties":{"class":2,"geom_type":null}},{"type":"Feature","geometry":{"type":"Point","coordinates":[92.39768385644051,25.367298727569874]},"id":"0000000000000000045d","properties":{"class":2,"geom_type":null}},{"type":"Feature","geometry":{"type":"Point","coordinates":[92.3977276649153,25.367709212303282]},"id":"0000000000000000045e","properties":{"class":2,"geom_type":null}},{"type":"Feature","geometry":{"type":"Point","coordinates":[92.38808382693199,25.365963186230402]},"id":"0000000000000000045f","properties":{"class":2,"geom_type":null}},{"type":"Feature","geometry":{"type":"Point","coordinates":[92.38781031741038,25.365460934296898]},"id":"00000000000000000460","properties":{"class":2,"geom_type":null}},{"type":"Feature","geometry":{"type":"Point","coordinates":[92.43572740573411,25.32676296082682]},"id":"00000000000000000461","properties":{"class":2,"geom_type":null}},{"type":"Feature","geometry":{"type":"Point","coordinates":[92.43623305259311,25.32669438146427]},"id":"00000000000000000462","properties":{"class":2,"geom_type":null}},{"type":"Feature","geometry":{"type":"Point","coordinates":[92.43404266868593,25.327935977399253]},"id":"00000000000000000463","properties":{"class":2,"geom_type":null}},{"type":"Feature","geometry":{"type":"Point","coordinates":[92.4342632089557,25.327564689905397]},"id":"00000000000000000464","properties":{"class":2,"geom_type":null}},{"type":"Feature","geometry":{"type":"Point","coordinates":[92.42784193892466,25.329755835410882]},"id":"00000000000000000465","properties":{"class":2,"geom_type":null}},{"type":"Feature","geometry":{"type":"Point","coordinates":[92.42758594611387,25.32935521441667]},"id":"00000000000000000466","properties":{"class":2,"geom_type":null}},{"type":"Feature","geometry":{"type":"Point","coordinates":[92.69886226735858,25.51270499453144]},"id":"00000000000000000467","properties":{"class":2,"geom_type":null}},{"type":"Feature","geometry":{"type":"Point","coordinates":[92.70019810964807,25.513494004273483]},"id":"00000000000000000468","properties":{"class":2,"geom_type":null}},{"type":"Feature","geometry":{"type":"Point","coordinates":[91.93140458913963,25.90468564421405]},"id":"00000000000000000469","properties":{"class":2,"geom_type":null}},{"type":"Feature","geometry":{"type":"Point","coordinates":[91.9290227667179,25.900194794922108]},"id":"0000000000000000046a","properties":{"class":2,"geom_type":null}},{"type":"Feature","geometry":{"type":"Point","coordinates":[91.9149873945302,25.889075219600528]},"id":"0000000000000000046b","properties":{"class":2,"geom_type":null}},{"type":"Feature","geometry":{"type":"Point","coordinates":[91.91640891991806,25.88830836069544]},"id":"0000000000000000046c","properties":{"class":2,"geom_type":null}},{"type":"Feature","geometry":{"type":"Point","coordinates":[91.96650488124835,25.451498604821055]},"id":"0000000000000000046d","properties":{"class":2,"geom_type":null}},{"type":"Feature","geometry":{"type":"Point","coordinates":[91.96520367032382,25.45124149139757]},"id":"0000000000000000046e","properties":{"class":2,"geom_type":null}},{"type":"Feature","geometry":{"type":"Point","coordinates":[91.94950671222269,25.44471068653571]},"id":"0000000000000000046f","properties":{"class":2,"geom_type":null}},{"type":"Feature","geometry":{"type":"Point","coordinates":[91.94973536495489,25.445103206485605]},"id":"00000000000000000470","properties":{"class":2,"geom_type":null}},{"type":"Feature","geometry":{"type":"Point","coordinates":[91.97517692331823,25.44692142994957]},"id":"00000000000000000471","properties":{"class":2,"geom_type":null}},{"type":"Feature","geometry":{"type":"Point","coordinates":[91.97518976334824,25.446405727140846]},"id":"00000000000000000472","properties":{"class":2,"geom_type":null}},{"type":"Feature","geometry":{"type":"Point","coordinates":[92.0068025484555,25.450416308992757]},"id":"00000000000000000473","properties":{"class":2,"geom_type":null}},{"type":"Feature","geometry":{"type":"Point","coordinates":[92.00709922105709,25.45087206718603]},"id":"00000000000000000474","properties":{"class":2,"geom_type":null}},{"type":"Feature","geometry":{"type":"Point","coordinates":[92.00812319150587,25.449045705290377]},"id":"00000000000000000475","properties":{"class":2,"geom_type":null}},{"type":"Feature","geometry":{"type":"Point","coordinates":[92.0079761159099,25.44865967428575]},"id":"00000000000000000476","properties":{"class":2,"geom_type":null}},{"type":"Feature","geometry":{"type":"Point","coordinates":[92.00969051856167,25.449240472095845]},"id":"00000000000000000477","properties":{"class":2,"geom_type":null}},{"type":"Feature","geometry":{"type":"Point","coordinates":[92.00951595538075,25.449085194363338]},"id":"00000000000000000478","properties":{"class":2,"geom_type":null}},{"type":"Feature","geometry":{"type":"Point","coordinates":[92.02386704633727,25.458667687833643]},"id":"00000000000000000479","properties":{"class":2,"geom_type":null}},{"type":"Feature","geometry":{"type":"Point","coordinates":[92.02426541595747,25.459186791057146]},"id":"0000000000000000047a","properties":{"class":2,"geom_type":null}},{"type":"Feature","geometry":{"type":"Point","coordinates":[92.07386699203805,25.284339256039413]},"id":"0000000000000000047b","properties":{"class":2,"geom_type":null}},{"type":"Feature","geometry":{"type":"Point","coordinates":[92.07362099656274,25.28183804464399]},"id":"0000000000000000047c","properties":{"class":2,"geom_type":null}},{"type":"Feature","geometry":{"type":"Point","coordinates":[92.06259247756938,25.27959961697375]},"id":"0000000000000000047d","properties":{"class":2,"geom_type":null}},{"type":"Feature","geometry":{"type":"Point","coordinates":[92.06256104295032,25.278485605939768]},"id":"0000000000000000047e","properties":{"class":2,"geom_type":null}},{"type":"Feature","geometry":{"type":"Point","coordinates":[92.0593025457456,25.281439173520223]},"id":"0000000000000000047f","properties":{"class":2,"geom_type":null}},{"type":"Feature","geometry":{"type":"Point","coordinates":[92.05877780759894,25.281297718980223]},"id":"00000000000000000480","properties":{"class":2,"geom_type":null}},{"type":"Feature","geometry":{"type":"Point","coordinates":[92.23797567814965,25.330070960258578]},"id":"00000000000000000481","properties":{"class":2,"geom_type":null}},{"type":"Feature","geometry":{"type":"Point","coordinates":[92.23693276298023,25.32978099740061]},"id":"00000000000000000482","properties":{"class":2,"geom_type":null}},{"type":"Feature","geometry":{"type":"Point","coordinates":[92.19938854337772,25.338294761017956]},"id":"00000000000000000483","properties":{"class":2,"geom_type":null}},{"type":"Feature","geometry":{"type":"Point","coordinates":[92.19958764435697,25.336739124322964]},"id":"00000000000000000484","properties":{"class":2,"geom_type":null}},{"type":"Feature","geometry":{"type":"Point","coordinates":[92.14832628952728,25.34522040935388]},"id":"00000000000000000485","properties":{"class":2,"geom_type":null}},{"type":"Feature","geometry":{"type":"Point","coordinates":[92.1476539998349,25.349135209515264]},"id":"00000000000000000486","properties":{"class":2,"geom_type":null}},{"type":"Feature","geometry":{"type":"Point","coordinates":[92.13580264031347,25.321474060795623]},"id":"00000000000000000487","properties":{"class":2,"geom_type":null}},{"type":"Feature","geometry":{"type":"Point","coordinates":[92.13522511235925,25.323829837488812]},"id":"00000000000000000488","properties":{"class":2,"geom_type":null}},{"type":"Feature","geometry":{"type":"Point","coordinates":[92.13270537535551,25.314763286070907]},"id":"00000000000000000489","properties":{"class":2,"geom_type":null}},{"type":"Feature","geometry":{"type":"Point","coordinates":[92.13215359197196,25.314483970293608]},"id":"0000000000000000048a","properties":{"class":2,"geom_type":null}},{"type":"Feature","geometry":{"type":"Point","coordinates":[92.12656003283449,25.30206314875854]},"id":"0000000000000000048b","properties":{"class":2,"geom_type":null}},{"type":"Feature","geometry":{"type":"Point","coordinates":[92.12683479885035,25.302081260201977]},"id":"0000000000000000048c","properties":{"class":2,"geom_type":null}},{"type":"Feature","geometry":{"type":"Point","coordinates":[92.12065429693921,25.301440945605982]},"id":"0000000000000000048d","properties":{"class":2,"geom_type":null}},{"type":"Feature","geometry":{"type":"Point","coordinates":[92.12072411045106,25.301055614124703]},"id":"0000000000000000048e","properties":{"class":2,"geom_type":null}},{"type":"Feature","geometry":{"type":"Point","coordinates":[92.12193302819573,25.285456598509292]},"id":"0000000000000000048f","properties":{"class":2,"geom_type":null}},{"type":"Feature","geometry":{"type":"Point","coordinates":[92.12174190201313,25.28575638520886]},"id":"00000000000000000490","properties":{"class":2,"geom_type":null}},{"type":"Feature","geometry":{"type":"Point","coordinates":[92.11508617357863,25.285411752760687]},"id":"00000000000000000491","properties":{"class":2,"geom_type":null}},{"type":"Feature","geometry":{"type":"Point","coordinates":[92.1142768151752,25.28456713109625]},"id":"00000000000000000492","properties":{"class":2,"geom_type":null}},{"type":"Feature","geometry":{"type":"Point","coordinates":[92.11341142979575,25.285393153967537]},"id":"00000000000000000493","properties":{"class":2,"geom_type":null}},{"type":"Feature","geometry":{"type":"Point","coordinates":[92.11342212381422,25.285021033780748]},"id":"00000000000000000494","properties":{"class":2,"geom_type":null}},{"type":"Feature","geometry":{"type":"Point","coordinates":[92.1112438025808,25.285147497868042]},"id":"00000000000000000495","properties":{"class":2,"geom_type":null}},{"type":"Feature","geometry":{"type":"Point","coordinates":[92.11148846751858,25.285548421622803]},"id":"00000000000000000496","properties":{"class":2,"geom_type":null}},{"type":"Feature","geometry":{"type":"Point","coordinates":[92.10759813557846,25.285094004071837]},"id":"00000000000000000497","properties":{"class":2,"geom_type":null}},{"type":"Feature","geometry":{"type":"Point","coordinates":[92.10758045196847,25.285209388010397]},"id":"00000000000000000498","properties":{"class":2,"geom_type":null}},{"type":"Feature","geometry":{"type":"Point","coordinates":[92.1046957202255,25.281332991459543]},"id":"00000000000000000499","properties":{"class":2,"geom_type":null}},{"type":"Feature","geometry":{"type":"Point","coordinates":[92.10375136702267,25.28123501907596]},"id":"0000000000000000049a","properties":{"class":2,"geom_type":null}}]}